step,tokens,nll,lr,grad_norm,seconds,tokens_per_second,peak_allocated,peak_reserved,source_id,source_line,source_sha256
500,21303201,6.5434266675420165,3.205128205128205e-05,1.2335155010223389,2.6959455497562885,16773.335798301956,50870028288,82625691648,450m_full/train.jsonl,500,6cc4312bae734fb0d6492056d95c6f8584a6e50a64ca879e71671ff9c1342639
1000,42609447,5.648570488155189,6.41025641025641e-05,1.5475815534591675,2.7994793094694614,15108.881089753739,50870028288,82625691648,450m_full/train.jsonl,1000,6cc4312bae734fb0d6492056d95c6f8584a6e50a64ca879e71671ff9c1342639
1500,64090450,5.155158168980969,9.615384615384614e-05,1.2259470224380493,2.678333565592766,16872.431642023126,50870028288,82625691648,450m_full/train.jsonl,1500,6cc4312bae734fb0d6492056d95c6f8584a6e50a64ca879e71671ff9c1342639
2000,85415664,4.8469772867048375,0.0001282051282051282,1.0656719207763672,2.6947058402001858,17046.016420325726,50870028288,82625691648,450m_full/train.jsonl,2000,6cc4312bae734fb0d6492056d95c6f8584a6e50a64ca879e71671ff9c1342639
2500,106854929,4.6498098700789905,0.00016025641025641023,0.9087211489677429,2.6765852198004723,17642.255382221723,50870028288,82625691648,450m_full/train.jsonl,2500,6cc4312bae734fb0d6492056d95c6f8584a6e50a64ca879e71671ff9c1342639
3000,128194980,4.439594713138475,0.00019230769230769228,0.9931578040122986,2.6729153618216515,15513.398064254454,50870028288,82625691648,450m_full/train.jsonl,3000,6cc4312bae734fb0d6492056d95c6f8584a6e50a64ca879e71671ff9c1342639
3500,149575525,4.140611712519249,0.00022435897435897433,1.0665693283081055,2.684687811881304,16206.35360560263,50870028288,82625691648,450m_full/train.jsonl,3500,6cc4312bae734fb0d6492056d95c6f8584a6e50a64ca879e71671ff9c1342639
4000,170945611,4.006782890305231,0.0002564102564102564,0.948488712310791,2.6709419079124928,18202.941762218547,50870028288,82625691648,450m_full/train.jsonl,4000,6cc4312bae734fb0d6492056d95c6f8584a6e50a64ca879e71671ff9c1342639
4500,192354284,3.92116197831177,0.00028846153846153843,0.8620539307594299,2.7628587037324905,14994.614072747458,50870028288,82625691648,450m_full/train.jsonl,4500,6cc4312bae734fb0d6492056d95c6f8584a6e50a64ca879e71671ff9c1342639
5000,213771378,3.826790252184483,0.0002999987109717032,0.8566343784332275,2.6766359210014343,15905.413084373378,50870028288,82625691648,450m_full/train.jsonl,5000,6cc4312bae734fb0d6492056d95c6f8584a6e50a64ca879e71671ff9c1342639
5500,235146739,3.7397308320389797,0.0002999915034029183,0.850024402141571,2.6769911237061024,17556.651415015996,50870028288,82625691648,450m_full/train.jsonl,5500,6cc4312bae734fb0d6492056d95c6f8584a6e50a64ca879e71671ff9c1342639
6000,256381669,3.7430089060013105,0.000299977962640768,0.7636796236038208,2.7661889269948006,15445.076647897487,50870028288,82625691648,450m_full/train.jsonl,6000,6cc4312bae734fb0d6492056d95c6f8584a6e50a64ca879e71671ff9c1342639
6500,277568459,3.692632756595231,0.00029995808932052365,0.8840367197990417,2.6614910177886486,15332.007407601344,50870028288,82625691648,450m_full/train.jsonl,6500,6cc4312bae734fb0d6492056d95c6f8584a6e50a64ca879e71671ff9c1342639
7000,298980415,3.5974830811345146,0.00029993188437455213,0.9700981974601746,2.789472106844187,14143.536299645728,50870028288,82625691648,450m_full/train.jsonl,7000,6cc4312bae734fb0d6492056d95c6f8584a6e50a64ca879e71671ff9c1342639
7500,320337997,3.474863391584914,0.00029989934903227136,0.5950169563293457,2.671989433467388,14839.879044186331,50870028288,82625691648,450m_full/train.jsonl,7500,6cc4312bae734fb0d6492056d95c6f8584a6e50a64ca879e71671ff9c1342639
8000,341640042,3.6320312853971273,0.0002998604848200932,0.9191320538520813,2.6859635524451733,16434.325759861942,50870028288,82625691648,450m_full/train.jsonl,8000,6cc4312bae734fb0d6492056d95c6f8584a6e50a64ca879e71671ff9c1342639
8500,363088370,3.536100989997547,0.00029981529356135127,0.7207241058349609,2.6634500175714493,14540.539429875405,50870028288,82625691648,450m_full/train.jsonl,8500,6cc4312bae734fb0d6492056d95c6f8584a6e50a64ca879e71671ff9c1342639
9000,384465909,3.4518341426819825,0.00029976377737621606,0.7137218713760376,2.654542550444603,14593.851582266605,50870028288,82625691648,450m_full/train.jsonl,9000,6cc4312bae734fb0d6492056d95c6f8584a6e50a64ca879e71671ff9c1342639
9500,405831123,3.4161295232758038,0.0002997059386815949,0.7454385161399841,2.760761074721813,16118.381415705784,50870028288,82625691648,450m_full/train.jsonl,9500,6cc4312bae734fb0d6492056d95c6f8584a6e50a64ca879e71671ff9c1342639
10000,427174916,3.3988588259854033,0.00029964178019101885,0.757094144821167,2.74618399143219,15317.254827511679,50870028288,82625691648,450m_full/train.jsonl,10000,6cc4312bae734fb0d6492056d95c6f8584a6e50a64ca879e71671ff9c1342639
10500,448475066,3.455565156433151,0.0002995713049145153,0.9211533665657043,2.665387623012066,15683.647526193516,50870028288,82625691648,450m_full/train.jsonl,10500,6cc4312bae734fb0d6492056d95c6f8584a6e50a64ca879e71671ff9c1342639
11000,469869063,3.420066343454002,0.0002994945161584668,0.652700662612915,2.676355641335249,15502.797669781998,50870028288,82625691648,450m_full/train.jsonl,11000,6cc4312bae734fb0d6492056d95c6f8584a6e50a64ca879e71671ff9c1342639
11500,491136895,3.3651729943960382,0.000299411417525456,0.9051654934883118,2.670318230986595,15085.84240355367,50870028288,82625691648,450m_full/train.jsonl,11500,6cc4312bae734fb0d6492056d95c6f8584a6e50a64ca879e71671ff9c1342639
12000,512579414,3.334287784569983,0.00029932201291409653,1.0651628971099854,2.6729316152632236,16639.033990258,50870028288,82625691648,450m_full/train.jsonl,12000,6cc4312bae734fb0d6492056d95c6f8584a6e50a64ca879e71671ff9c1342639
12500,534021740,3.358920789017177,0.00029922630651885005,0.6267701387405396,2.66670448705554,16482.891228991484,50870028288,82625691648,450m_full/train.jsonl,12500,6cc4312bae734fb0d6492056d95c6f8584a6e50a64ca879e71671ff9c1342639
13000,555384680,3.443870204373578,0.0002991243028298295,0.8240432739257812,2.6788216196000576,16733.477015424574,50870028288,82625691648,450m_full/train.jsonl,13000,6cc4312bae734fb0d6492056d95c6f8584a6e50a64ca879e71671ff9c1342639
13500,576622592,3.382657253256875,0.0002990160066325888,0.6897162199020386,2.679560597985983,18076.098012638926,50870028288,82625691648,450m_full/train.jsonl,13500,6cc4312bae734fb0d6492056d95c6f8584a6e50a64ca879e71671ff9c1342639
14000,597985602,3.3284673038008092,0.0002989014230078975,0.6970677971839905,2.6744405552744865,16999.443083652266,50870028288,82625691648,450m_full/train.jsonl,14000,6cc4312bae734fb0d6492056d95c6f8584a6e50a64ca879e71671ff9c1342639
14500,619377368,3.311736557025004,0.0002987805573315034,1.096786379814148,2.6634951904416084,15450.75063310958,50870028288,82625691648,450m_full/train.jsonl,14500,6cc4312bae734fb0d6492056d95c6f8584a6e50a64ca879e71671ff9c1342639
15000,640541291,3.41879876267021,0.0002986534152738796,0.7339512705802917,2.73768987134099,15531.708118265467,50870028288,82625691648,450m_full/train.jsonl,15000,6cc4312bae734fb0d6492056d95c6f8584a6e50a64ca879e71671ff9c1342639
15500,661991598,3.3854378518159267,0.00029852000279995887,0.6141875982284546,2.663213826715946,14758.484506843995,50870028288,82625691648,450m_full/train.jsonl,15500,6cc4312bae734fb0d6492056d95c6f8584a6e50a64ca879e71671ff9c1342639
16000,683395520,3.3308872157232137,0.00029838032616885354,0.8412421345710754,2.6932243257761,16457.225480921476,50870028288,82625691648,450m_full/train.jsonl,16000,6cc4312bae734fb0d6492056d95c6f8584a6e50a64ca879e71671ff9c1342639
16500,704828557,3.283846581747438,0.00029823439193356213,0.8690208792686462,2.714721616357565,14449.363707734743,50870028288,82625691648,450m_full/train.jsonl,16500,6cc4312bae734fb0d6492056d95c6f8584a6e50a64ca879e71671ff9c1342639
17000,726142753,3.2788376923706615,0.00029808220694066173,0.6320241093635559,2.667609304189682,16027.834335728427,50870028288,82625691648,450m_full/train.jsonl,17000,6cc4312bae734fb0d6492056d95c6f8584a6e50a64ca879e71671ff9c1342639
17500,747496795,3.22934010664756,0.00029792377832998674,0.9314897656440735,2.6737908385694027,16410.03453489135,50870028288,82625691648,450m_full/train.jsonl,17500,6cc4312bae734fb0d6492056d95c6f8584a6e50a64ca879e71671ff9c1342639
18000,768871355,3.3636669730664828,0.0002977591135342941,0.6416501402854919,2.663965716958046,16871.08798506652,50870028288,82625691648,450m_full/train.jsonl,18000,6cc4312bae734fb0d6492056d95c6f8584a6e50a64ca879e71671ff9c1342639
18500,790161329,3.3109716211018307,0.00029758822027891436,0.6837343573570251,2.6646003797650337,14513.245698557666,50870028288,82625691648,450m_full/train.jsonl,18500,6cc4312bae734fb0d6492056d95c6f8584a6e50a64ca879e71671ff9c1342639
19000,811490472,3.2002371904396503,0.0002974111065813893,0.833946943283081,2.6603030636906624,17022.872550909415,50870028288,82625691648,450m_full/train.jsonl,19000,6cc4312bae734fb0d6492056d95c6f8584a6e50a64ca879e71671ff9c1342639
19500,832860563,3.286728879997333,0.00029722778075109616,0.7738640904426575,2.6489567272365093,14862.832448408208,50870028288,82625691648,450m_full/train.jsonl,19500,6cc4312bae734fb0d6492056d95c6f8584a6e50a64ca879e71671ff9c1342639
20000,854152666,3.336160033210827,0.00029703825138885706,0.8128982186317444,2.6597191132605076,15063.996720647589,50870028288,82625691648,450m_full/train.jsonl,20000,6cc4312bae734fb0d6492056d95c6f8584a6e50a64ca879e71671ff9c1342639
20500,875454198,3.3834977509987567,0.0002968425273865361,0.7930381298065186,2.6707569919526577,16260.932810756385,50870028288,82625691648,450m_full/train.jsonl,20500,6cc4312bae734fb0d6492056d95c6f8584a6e50a64ca879e71671ff9c1342639
21000,896791314,3.2711342952022573,0.000296640617926622,0.7041149139404297,2.663681946694851,15201.89001928121,50870028288,82625691648,450m_full/train.jsonl,21000,6cc4312bae734fb0d6492056d95c6f8584a6e50a64ca879e71671ff9c1342639
21500,918089746,3.169482944745227,0.00029643253248179727,0.6589575409889221,2.663173858076334,15674.155058788328,50870028288,82625691648,450m_full/train.jsonl,21500,6cc4312bae734fb0d6492056d95c6f8584a6e50a64ca879e71671ff9c1342639
22000,939396140,3.221232996499952,0.0002962182808144938,0.7704508900642395,2.6590009927749634,15674.307799526005,50870028288,82625691648,450m_full/train.jsonl,22000,6cc4312bae734fb0d6492056d95c6f8584a6e50a64ca879e71671ff9c1342639
22500,960711719,3.3253142615954796,0.0002959978729764348,0.7020789980888367,2.712619047611952,13913.122092549342,50870028288,82625691648,450m_full/train.jsonl,22500,6cc4312bae734fb0d6492056d95c6f8584a6e50a64ca879e71671ff9c1342639
23000,982100371,3.182411959462598,0.00029577131930816336,0.6057006120681763,2.6633000932633877,16167.535948695539,50870028288,82625691648,450m_full/train.jsonl,23000,6cc4312bae734fb0d6492056d95c6f8584a6e50a64ca879e71671ff9c1342639
23500,1003495860,3.187461674466364,0.00029553863043855745,0.7085236310958862,2.687787927687168,17708.986453018973,50870028288,82625691648,450m_full/train.jsonl,23500,6cc4312bae734fb0d6492056d95c6f8584a6e50a64ca879e71671ff9c1342639
24000,1024843569,3.2540846175799087,0.0002952998172843306,0.7875968217849731,2.663176979869604,15377.49849505126,50870028288,82625691648,450m_full/train.jsonl,24000,6cc4312bae734fb0d6492056d95c6f8584a6e50a64ca879e71671ff9c1342639
24500,1046173325,3.216520669631465,0.00029505489104952057,0.6385083794593811,2.671049166470766,17605.067173710024,50870028288,82625691648,450m_full/train.jsonl,24500,6cc4312bae734fb0d6492056d95c6f8584a6e50a64ca879e71671ff9c1342639
25000,1067439927,3.2347693086935165,0.0002948038632249632,0.7320904731750488,2.65488950535655,14379.129497848204,50870028288,82625691648,450m_full/train.jsonl,25000,6cc4312bae734fb0d6492056d95c6f8584a6e50a64ca879e71671ff9c1342639
25500,1088704397,3.136235369119975,0.0002945467455877534,0.7014960050582886,2.658983439207077,14015.130538425963,50870028288,82625691648,450m_full/train.jsonl,25500,6cc4312bae734fb0d6492056d95c6f8584a6e50a64ca879e71671ff9c1342639
26000,1110028209,3.169372442634788,0.0002942835502006927,0.6501864194869995,2.651067703962326,14692.193617607252,50870028288,82625691648,450m_full/train.jsonl,26000,6cc4312bae734fb0d6492056d95c6f8584a6e50a64ca879e71671ff9c1342639
26500,1131411351,3.1518040271913637,0.00029401428941172326,0.7835069298744202,2.6717962063848972,14803.8985553908,50870028288,82625691648,450m_full/train.jsonl,26500,6cc4312bae734fb0d6492056d95c6f8584a6e50a64ca879e71671ff9c1342639
27000,1152771275,3.142901983516071,0.0002937389758533487,0.7373934984207153,2.7442283257842064,14557.09775482484,50870028288,82625691648,450m_full/train.jsonl,27000,6cc4312bae734fb0d6492056d95c6f8584a6e50a64ca879e71671ff9c1342639
27500,1174102916,3.2299959944566554,0.0002934576224420411,0.7483593821525574,2.6602391563355923,16503.77932955343,50870028288,82625691648,450m_full/train.jsonl,27500,6cc4312bae734fb0d6492056d95c6f8584a6e50a64ca879e71671ff9c1342639
28000,1195543367,3.2583591126662794,0.00029317024237763547,0.7728270888328552,2.653429552912712,17508.661554252423,50870028288,82625691648,450m_full/train.jsonl,28000,6cc4312bae734fb0d6492056d95c6f8584a6e50a64ca879e71671ff9c1342639
28500,1216901886,3.1715927595120164,0.0002928768491427101,0.7470974922180176,2.673867169767618,16837.784804363633,50870028288,82625691648,450m_full/train.jsonl,28500,6cc4312bae734fb0d6492056d95c6f8584a6e50a64ca879e71671ff9c1342639
29000,1238236686,3.241550267781706,0.0002925774565019541,0.735258162021637,2.6823726780712605,16767.24504677689,50870028288,82625691648,450m_full/train.jsonl,29000,6cc4312bae734fb0d6492056d95c6f8584a6e50a64ca879e71671ff9c1342639
29500,1259563054,3.1753508491655813,0.0002922720785015219,0.7818736433982849,2.6488440595567226,15360.285122563564,50870028288,82625691648,450m_full/train.jsonl,29500,6cc4312bae734fb0d6492056d95c6f8584a6e50a64ca879e71671ff9c1342639
30000,1280762154,3.1636585027156023,0.00029196072946837385,0.8732292652130127,2.666379328817129,14242.1596168189,50870028288,82625691648,450m_full/train.jsonl,30000,6cc4312bae734fb0d6492056d95c6f8584a6e50a64ca879e71671ff9c1342639
30500,1302157080,3.1735979746011855,0.00029164342400960435,1.1345586776733398,2.768471699208021,14989.497639391207,50870028288,82625691648,450m_full/train.jsonl,30500,6cc4312bae734fb0d6492056d95c6f8584a6e50a64ca879e71671ff9c1342639
31000,1323511648,3.1480209432974524,0.00029132017701175646,0.9258061051368713,2.669179793447256,16236.448405009392,50870028288,82625691648,450m_full/train.jsonl,31000,6cc4312bae734fb0d6492056d95c6f8584a6e50a64ca879e71671ff9c1342639
31500,1344912441,3.2192480109789128,0.00029099100364012335,0.770366907119751,2.6606345400214195,13599.38746029686,50870028288,82625691648,450m_full/train.jsonl,31500,6cc4312bae734fb0d6492056d95c6f8584a6e50a64ca879e71671ff9c1342639
32000,1366274591,3.159966436044028,0.00029065591933803735,0.7888456583023071,2.6693615801632404,16660.163362836887,50870028288,82625691648,450m_full/train.jsonl,32000,6cc4312bae734fb0d6492056d95c6f8584a6e50a64ca879e71671ff9c1342639
32500,1387637101,3.1031688311969763,0.00029031493982614455,0.6949456334114075,2.6642315424978733,16236.952122953304,50870028288,82625691648,450m_full/train.jsonl,32500,6cc4312bae734fb0d6492056d95c6f8584a6e50a64ca879e71671ff9c1342639
33000,1409079436,3.101498507527383,0.000289968081101668,0.7265945076942444,2.739193845540285,15265.075185561578,50870028288,82625691648,450m_full/train.jsonl,33000,6cc4312bae734fb0d6492056d95c6f8584a6e50a64ca879e71671ff9c1342639
33500,1430515149,3.059670756729464,0.0002896153594376569,0.8487443923950195,2.6689319759607315,17113.961843691457,50870028288,82625691648,450m_full/train.jsonl,33500,6cc4312bae734fb0d6492056d95c6f8584a6e50a64ca879e71671ff9c1342639
34000,1451800085,3.168111354124647,0.0002892567913822231,0.7793305516242981,2.655759632587433,15868.52947190151,50870028288,82625691648,450m_full/train.jsonl,34000,6cc4312bae734fb0d6492056d95c6f8584a6e50a64ca879e71671ff9c1342639
34500,1473229190,3.1200105485701073,0.00028889239375776485,0.814683198928833,2.6862383857369423,15698.904543957968,50870028288,82625691648,450m_full/train.jsonl,34500,6cc4312bae734fb0d6492056d95c6f8584a6e50a64ca879e71671ff9c1342639
35000,1494653790,3.1501817348740695,0.0002885221836601776,0.7109046578407288,2.659242819994688,15811.64370694211,50870028288,82625691648,450m_full/train.jsonl,35000,6cc4312bae734fb0d6492056d95c6f8584a6e50a64ca879e71671ff9c1342639
35500,1516083609,3.2511349874247344,0.00028814617845805164,0.9652149677276611,2.747461635619402,14688.831129356866,50870028288,82625691648,450m_full/train.jsonl,35500,6cc4312bae734fb0d6492056d95c6f8584a6e50a64ca879e71671ff9c1342639
36000,1537389335,3.1563899747717103,0.0002877643957918577,0.7034618258476257,2.659929595887661,16550.438052218004,50870028288,82625691648,450m_full/train.jsonl,36000,6cc4312bae734fb0d6492056d95c6f8584a6e50a64ca879e71671ff9c1342639
36500,1558783388,3.1552706475785643,0.000287376853573119,0.9098103642463684,2.6775688380002975,16210.227495930836,50870028288,82625691648,450m_full/train.jsonl,36500,6cc4312bae734fb0d6492056d95c6f8584a6e50a64ca879e71671ff9c1342639
37000,1580092942,3.1005422884469414,0.00028698356998357096,0.8320812582969666,2.658525336533785,15114.39422743653,50870028288,82625691648,450m_full/train.jsonl,37000,6cc4312bae734fb0d6492056d95c6f8584a6e50a64ca879e71671ff9c1342639
37500,1601552554,3.1142303713883157,0.0002865845634743084,0.8246636986732483,2.6628297716379166,16558.70024799904,50870028288,82625691648,450m_full/train.jsonl,37500,6cc4312bae734fb0d6492056d95c6f8584a6e50a64ca879e71671ff9c1342639
38000,1622922599,3.241948772784254,0.00028617985276491967,0.8273904323577881,2.675509039312601,17665.423403743458,50870028288,82625691648,450m_full/train.jsonl,38000,6cc4312bae734fb0d6492056d95c6f8584a6e50a64ca879e71671ff9c1342639
38500,1644279227,3.100352687996771,0.00028576945684260856,0.8295162916183472,2.6797267869114876,15023.919675931427,50870028288,82625691648,450m_full/train.jsonl,38500,6cc4312bae734fb0d6492056d95c6f8584a6e50a64ca879e71671ff9c1342639
39000,1665613913,3.0828421873358116,0.0002853533949613033,0.9293758869171143,2.663128774613142,14293.71360591815,50870028288,82625691648,450m_full/train.jsonl,39000,6cc4312bae734fb0d6492056d95c6f8584a6e50a64ca879e71671ff9c1342639
39500,1686978657,3.1337395515936732,0.00028493168664075363,1.0055265426635742,2.654678862541914,14897.093790897507,50870028288,82625691648,450m_full/train.jsonl,39500,6cc4312bae734fb0d6492056d95c6f8584a6e50a64ca879e71671ff9c1342639
40000,1708339410,3.062884305333197,0.0002845043516656146,0.7881712317466736,2.6702629989595152,15555.396609317191,53073615360,83286294528,450m_full/train.jsonl,40000,6cc4312bae734fb0d6492056d95c6f8584a6e50a64ca879e71671ff9c1342639
40500,1729690030,3.1421486593401022,0.00028407141008451864,0.8083363771438599,2.6637468660483137,15732.726158837608,53073615360,83286294528,450m_full/train.jsonl,40500,6cc4312bae734fb0d6492056d95c6f8584a6e50a64ca879e71671ff9c1342639
41000,1751110274,3.0091625152914636,0.00028363288220913476,0.8044912815093994,2.6979705459671095,16512.7821971942,53073615360,83286294528,450m_full/train.jsonl,41000,6cc4312bae734fb0d6492056d95c6f8584a6e50a64ca879e71671ff9c1342639
41500,1772518858,3.1201729328319265,0.000283188788613216,0.7216503620147705,2.746541236003395,16047.820226481215,53073615360,83286294528,450m_full/train.jsonl,41500,6cc4312bae734fb0d6492056d95c6f8584a6e50a64ca879e71671ff9c1342639
42000,1793832899,3.086243435820553,0.0002827391501316336,0.7249906063079834,2.674527555005625,17114.79843022359,53073615360,83286294528,450m_full/train.jsonl,42000,6cc4312bae734fb0d6492056d95c6f8584a6e50a64ca879e71671ff9c1342639
42500,1815224018,3.027284516303035,0.0002822839878594001,0.7024973034858704,2.6787978719803505,16998.669618300344,53073615360,83286294528,450m_full/train.jsonl,42500,6cc4312bae734fb0d6492056d95c6f8584a6e50a64ca879e71671ff9c1342639
43000,1836538709,3.142491929552141,0.00028182332315067945,0.7627785801887512,2.6511094370507635,13846.278651112929,53073615360,83286294528,450m_full/train.jsonl,43000,6cc4312bae734fb0d6492056d95c6f8584a6e50a64ca879e71671ff9c1342639
43500,1857866979,2.939513672098751,0.00028135717761778494,0.7749038338661194,2.7468609760398977,15889.045852958401,53073615360,83286294528,450m_full/train.jsonl,43500,6cc4312bae734fb0d6492056d95c6f8584a6e50a64ca879e71671ff9c1342639
44000,1879189116,3.1029950502730883,0.00028088557313016554,0.7835506200790405,2.673230865970254,16951.39786722193,53073640960,83286294528,450m_full/train.jsonl,44000,6cc4312bae734fb0d6492056d95c6f8584a6e50a64ca879e71671ff9c1342639
44500,1900478822,3.116025671223334,0.00028040853181337985,0.7734604477882385,2.6764217109885067,16358.408624562235,53073640960,83286294528,450m_full/train.jsonl,44500,6cc4312bae734fb0d6492056d95c6f8584a6e50a64ca879e71671ff9c1342639
45000,1921915537,3.0088598626812484,0.00027992607604805794,0.7682218551635742,2.654370389995165,15329.43561809176,53073640960,83286294528,450m_full/train.jsonl,45000,6cc4312bae734fb0d6492056d95c6f8584a6e50a64ca879e71671ff9c1342639
45500,1943252101,3.167959352044995,0.00027943822846885144,0.7881972789764404,2.670549269998446,14630.323596322465,53073640960,83286294528,450m_full/train.jsonl,45500,6cc4312bae734fb0d6492056d95c6f8584a6e50a64ca879e71671ff9c1342639
46000,1964612103,3.076211410124442,0.0002789450119633716,0.7435619831085205,2.678813882987015,16228.824359953018,53073640960,83286294528,450m_full/train.jsonl,46000,6cc4312bae734fb0d6492056d95c6f8584a6e50a64ca879e71671ff9c1342639
46500,1985959875,2.9605270797840104,0.0002784464496711155,0.8564745187759399,2.664026007987559,16414.62953773243,53073640960,83286294528,450m_full/train.jsonl,46500,6cc4312bae734fb0d6492056d95c6f8584a6e50a64ca879e71671ff9c1342639
47000,2007283519,3.1631075305714997,0.0002779425649823805,0.7998138070106506,2.6605718380305916,15060.672080803732,53073640960,83286294528,450m_full/train.jsonl,47000,6cc4312bae734fb0d6492056d95c6f8584a6e50a64ca879e71671ff9c1342639
47500,2028728091,3.070759710864486,0.00027743338153716677,0.7998897433280945,2.6610050220042467,15038.67887098491,53073640960,83286294528,450m_full/train.jsonl,47500,6cc4312bae734fb0d6492056d95c6f8584a6e50a64ca879e71671ff9c1342639
48000,2050012082,2.9768004814143856,0.0002769189232240683,0.7966938018798828,2.6578380380524322,14018.912915891136,53073640960,83286294528,450m_full/train.jsonl,48000,6cc4312bae734fb0d6492056d95c6f8584a6e50a64ca879e71671ff9c1342639
48500,2071437355,3.125705723213627,0.00027639921417915204,0.8300454616546631,2.6800969630712643,15179.674676165152,53073640960,83286294528,450m_full/train.jsonl,48500,6cc4312bae734fb0d6492056d95c6f8584a6e50a64ca879e71671ff9c1342639
49000,2092911104,3.1658049096391094,0.0002758742787848259,0.8825989365577698,2.66562739002984,15265.074238130666,53073640960,83286294528,450m_full/train.jsonl,49000,6cc4312bae734fb0d6492056d95c6f8584a6e50a64ca879e71671ff9c1342639
49500,2114280257,3.073548471137611,0.0002753441416686943,0.7432133555412292,2.6752161680487916,15939.646488867318,53073640960,83286294528,450m_full/train.jsonl,49500,6cc4312bae734fb0d6492056d95c6f8584a6e50a64ca879e71671ff9c1342639
50000,2135756702,3.0590728618079135,0.00027480882770240307,0.8735253810882568,2.6660210540285334,16238.80649201229,53073640960,83286294528,450m_full/train.jsonl,50000,6cc4312bae734fb0d6492056d95c6f8584a6e50a64ca879e71671ff9c1342639
50500,2157090681,3.064196880535686,0.0002742683620004726,0.825433075428009,2.663088634959422,16746.344606994102,53073640960,83286294528,450m_full/train.jsonl,50500,6cc4312bae734fb0d6492056d95c6f8584a6e50a64ca879e71671ff9c1342639
51000,2178490718,2.973164004337991,0.00027372276991911946,0.8065176606178284,2.803737225010991,15570.28940179259,53073640960,83286294528,450m_full/train.jsonl,51000,6cc4312bae734fb0d6492056d95c6f8584a6e50a64ca879e71671ff9c1342639
51500,2199788609,3.0571226308873785,0.0002731720770550669,0.8419843316078186,2.6547472829697654,15211.617414228998,53073640960,83286294528,450m_full/train.jsonl,51500,6cc4312bae734fb0d6492056d95c6f8584a6e50a64ca879e71671ff9c1342639
52000,2221098232,3.0796320435418956,0.0002726163092443438,0.9112573862075806,2.66621075803414,15375.753727070916,53073640960,83286294528,450m_full/train.jsonl,52000,6cc4312bae734fb0d6492056d95c6f8584a6e50a64ca879e71671ff9c1342639
52500,2242447514,3.0351173323524927,0.0002720554925610728,0.8258442282676697,2.7314572010654956,15598.999678039741,53073640960,83286294528,450m_full/train.jsonl,52500,6cc4312bae734fb0d6492056d95c6f8584a6e50a64ca879e71671ff9c1342639
53000,2263948795,2.978645746554638,0.000271489653316247,0.7631683349609375,2.65749421401415,15809.253611333092,53073640960,83286294528,450m_full/train.jsonl,53000,6cc4312bae734fb0d6492056d95c6f8584a6e50a64ca879e71671ff9c1342639
53500,2285396437,3.102530221845021,0.00027091881805649525,0.7044856548309326,2.681679373024963,16559.026573676314,53073640960,83286294528,450m_full/train.jsonl,53500,6cc4312bae734fb0d6492056d95c6f8584a6e50a64ca879e71671ff9c1342639
54000,2306757154,3.127572776252348,0.0002703430135628369,0.7093514800071716,2.66800385795068,16363.544554067526,53073640960,83286294528,450m_full/train.jsonl,54000,6cc4312bae734fb0d6492056d95c6f8584a6e50a64ca879e71671ff9c1342639
54500,2328101232,3.0785203388468756,0.0002697622668494258,0.7554264068603516,2.668987279990688,16176.173009018848,53073640960,83286294528,450m_full/train.jsonl,54500,6cc4312bae734fb0d6492056d95c6f8584a6e50a64ca879e71671ff9c1342639
55000,2349468427,2.9787694326212892,0.00026917660516228187,0.8527820706367493,2.7490331940352917,15415.601416508744,53073640960,83286294528,450m_full/train.jsonl,55000,6cc4312bae734fb0d6492056d95c6f8584a6e50a64ca879e71671ff9c1342639
55500,2370920533,3.128162662751936,0.0002685860559780139,0.7717278599739075,2.6639592399587855,15849.716980149155,53073640960,83286294528,450m_full/train.jsonl,55500,6cc4312bae734fb0d6492056d95c6f8584a6e50a64ca879e71671ff9c1342639
56000,2392346163,3.0027768062455333,0.0002679906470025299,0.7241841554641724,2.6771404680330306,16203.482976697056,53073640960,83286294528,450m_full/train.jsonl,56000,6cc4312bae734fb0d6492056d95c6f8584a6e50a64ca879e71671ff9c1342639
56500,2413662706,3.1273733538348303,0.0002673904061697374,0.8888267874717712,2.7763227409450337,17005.227563683566,53073640960,83286294528,450m_full/train.jsonl,56500,6cc4312bae734fb0d6492056d95c6f8584a6e50a64ca879e71671ff9c1342639
57000,2435048663,3.1326488084363384,0.00026678536164023286,0.7289244532585144,2.675437311991118,17901.37252902265,53073640960,83286294528,450m_full/train.jsonl,57000,6cc4312bae734fb0d6492056d95c6f8584a6e50a64ca879e71671ff9c1342639
57500,2456258392,3.064220051650686,0.00026617554179998064,0.7219929695129395,2.6509524630382657,15893.910052128991,53073640960,83286294528,450m_full/train.jsonl,57500,6cc4312bae734fb0d6492056d95c6f8584a6e50a64ca879e71671ff9c1342639
58000,2477680788,3.053535161821337,0.0002655609752589812,0.7665932178497314,2.6619596580276266,15803.395018829924,53073640960,83286294528,450m_full/train.jsonl,58000,6cc4312bae734fb0d6492056d95c6f8584a6e50a64ca879e71671ff9c1342639
58500,2499209144,3.004626487794212,0.0002649416908499286,0.7317891716957092,2.656094770063646,15819.842150810427,53073640960,83286294528,450m_full/train.jsonl,58500,6cc4312bae734fb0d6492056d95c6f8584a6e50a64ca879e71671ff9c1342639
59000,2520645394,3.0184345079787236,0.0002643177176268584,0.7610985636711121,2.658832311979495,17676.932760384803,53073640960,83286294528,450m_full/train.jsonl,59000,6cc4312bae734fb0d6492056d95c6f8584a6e50a64ca879e71671ff9c1342639
59500,2542052865,2.9574146223678253,0.00026368908486378386,0.7348105311393738,2.690641429973766,16414.301626371154,53073640960,83286294528,450m_full/train.jsonl,59500,6cc4312bae734fb0d6492056d95c6f8584a6e50a64ca879e71671ff9c1342639
60000,2563395322,3.009489532101459,0.000263055822053323,0.9024597406387329,2.663640002021566,16258.953900351193,53073640960,83286294528,450m_full/train.jsonl,60000,6cc4312bae734fb0d6492056d95c6f8584a6e50a64ca879e71671ff9c1342639
60500,2584899367,3.002750384012027,0.0002624179589053148,0.7010366320610046,2.674843963002786,17158.75790693821,53073640960,83286294528,450m_full/train.jsonl,60500,6cc4312bae734fb0d6492056d95c6f8584a6e50a64ca879e71671ff9c1342639
61000,2606245156,3.0420864853541674,0.00026177552534542526,0.7350412011146545,2.6543473979691043,15961.36211575616,53073640960,83286294528,450m_full/train.jsonl,61000,6cc4312bae734fb0d6492056d95c6f8584a6e50a64ca879e71671ff9c1342639
61500,2627740187,2.926942770147822,0.0002611285515137438,0.7805975079536438,2.664295836002566,15843.961255944907,53073640960,83286294528,450m_full/train.jsonl,61500,6cc4312bae734fb0d6492056d95c6f8584a6e50a64ca879e71671ff9c1342639
62000,2649126406,3.061484981032721,0.00026047706776336865,0.8909324407577515,2.6631103199906647,17087.538453968184,53073640960,83286294528,450m_full/train.jsonl,62000,6cc4312bae734fb0d6492056d95c6f8584a6e50a64ca879e71671ff9c1342639
62500,2670593093,2.9370562235223927,0.0002598211046589833,0.7272785902023315,2.6752855560043827,16367.224762876216,53073640960,83286294528,450m_full/train.jsonl,62500,6cc4312bae734fb0d6492056d95c6f8584a6e50a64ca879e71671ff9c1342639
63000,2691983504,3.1123302945246816,0.00025916069297542225,0.8697918057441711,2.673816111055203,17971.318147618094,53073640960,83286294528,450m_full/train.jsonl,63000,6cc4312bae734fb0d6492056d95c6f8584a6e50a64ca879e71671ff9c1342639
63500,2713293952,2.897637152615566,0.0002584958636962273,0.6995242238044739,2.6582499290816486,16104.956697879048,53073640960,83286294528,450m_full/train.jsonl,63500,6cc4312bae734fb0d6492056d95c6f8584a6e50a64ca879e71671ff9c1342639
64000,2734564113,3.0006832502695695,0.000257826648012194,0.7898945212364197,2.649253819952719,14702.630494157467,53073640960,83286294528,450m_full/train.jsonl,64000,6cc4312bae734fb0d6492056d95c6f8584a6e50a64ca879e71671ff9c1342639
64500,2755869539,3.062861043218498,0.00025715307731990827,0.7583874464035034,2.6707942829234526,15079.783664923443,53073640960,83286294528,450m_full/train.jsonl,64500,6cc4312bae734fb0d6492056d95c6f8584a6e50a64ca879e71671ff9c1342639
65000,2777214207,3.119199075813513,0.0002564751832202733,0.7246654629707336,2.7367773910518736,16775.935138207875,53073640960,83286294528,450m_full/train.jsonl,65000,6cc4312bae734fb0d6492056d95c6f8584a6e50a64ca879e71671ff9c1342639
65500,2798564889,3.054332457851032,0.00025579299751702717,0.7783498764038086,2.6611151549732313,14933.588997729696,53073640960,83286294528,450m_full/train.jsonl,65500,6cc4312bae734fb0d6492056d95c6f8584a6e50a64ca879e71671ff9c1342639
66000,2819970880,3.0484542124736853,0.00025510655221525075,0.7064637541770935,2.673706236993894,17588.693682696226,53073640960,83286294528,450m_full/train.jsonl,66000,6cc4312bae734fb0d6492056d95c6f8584a6e50a64ca879e71671ff9c1342639
66500,2841344825,3.0133830062740574,0.00025441587951986576,0.8246209025382996,2.758289395016618,14222.220507708422,53073640960,83286294528,450m_full/train.jsonl,66500,6cc4312bae734fb0d6492056d95c6f8584a6e50a64ca879e71671ff9c1342639
67000,2862581539,3.0651943235759496,0.0002537210118341247,0.7711763381958008,2.781433094991371,15621.443520695146,53073640960,83286294528,450m_full/train.jsonl,67000,6cc4312bae734fb0d6492056d95c6f8584a6e50a64ca879e71671ff9c1342639
67500,2883867646,3.012456897964983,0.0002530219817580896,0.6861743927001953,2.664434327976778,17170.248678915355,53073640960,83286294528,450m_full/train.jsonl,67500,6cc4312bae734fb0d6492056d95c6f8584a6e50a64ca879e71671ff9c1342639
68000,2905211364,3.009401164326037,0.0002523188220871035,0.6999126672744751,2.669892033096403,16222.00428448417,53073640960,83286294528,450m_full/train.jsonl,68000,6cc4312bae734fb0d6492056d95c6f8584a6e50a64ca879e71671ff9c1342639
68500,2926519455,2.993458505475183,0.0002516115658102512,0.7046853303909302,2.654967649956234,16467.243960852295,53073640960,83286294528,450m_full/train.jsonl,68500,6cc4312bae734fb0d6492056d95c6f8584a6e50a64ca879e71671ff9c1342639
69000,2947875574,3.0162927435110034,0.0002509002461088119,0.7948684692382812,2.654148395988159,15597.093238107205,53073640960,83286294528,450m_full/train.jsonl,69000,6cc4312bae734fb0d6492056d95c6f8584a6e50a64ca879e71671ff9c1342639
69500,2969257932,3.0500999377290428,0.00025018489635470235,0.7815068960189819,2.67482325527817,14690.3164246318,53072483328,67492642816,450m_full/train.jsonl,69500,6cc4312bae734fb0d6492056d95c6f8584a6e50a64ca879e71671ff9c1342639
70000,2990592721,3.0498750181681644,0.0002494655501089112,0.7556243538856506,2.682190536521375,15390.778335061439,53072559616,67492642816,450m_full/train.jsonl,70000,6cc4312bae734fb0d6492056d95c6f8584a6e50a64ca879e71671ff9c1342639
70500,3012070319,2.911334644376543,0.0002487422411199246,0.7551166415214539,2.6932044522836804,16997.224240136606,53072559616,67492642816,450m_full/train.jsonl,70500,6cc4312bae734fb0d6492056d95c6f8584a6e50a64ca879e71671ff9c1342639
71000,3033412245,3.0242822586775837,0.0002480150033221425,0.7808182835578918,2.708539806306362,16391.119634509952,53072559616,67492642816,450m_full/train.jsonl,71000,6cc4312bae734fb0d6492056d95c6f8584a6e50a64ca879e71671ff9c1342639
71500,3054720207,3.0031554127294577,0.0002472838708342872,0.8360595107078552,2.678678849712014,15842.51132029598,53072559616,67492642816,450m_full/train.jsonl,71500,6cc4312bae734fb0d6492056d95c6f8584a6e50a64ca879e71671ff9c1342639
72000,3076090747,2.8564622366069057,0.00024654887795780213,0.8525686264038086,2.663445479236543,14125.312604778404,53072559616,67492642816,450m_full/train.jsonl,72000,6cc4312bae734fb0d6492056d95c6f8584a6e50a64ca879e71671ff9c1342639
72500,3097528943,2.9974071595236977,0.00024581005917524273,0.8354027271270752,2.6751965871080756,15900.139901861194,53072560640,67492642816,450m_full/train.jsonl,72500,6cc4312bae734fb0d6492056d95c6f8584a6e50a64ca879e71671ff9c1342639
73000,3118946285,2.9695101621087745,0.0002450674491486588,0.7520365715026855,2.7303572660312057,15481.856724722442,53072560640,67492642816,450m_full/train.jsonl,73000,6cc4312bae734fb0d6492056d95c6f8584a6e50a64ca879e71671ff9c1342639
73500,3140320269,3.0674576212122004,0.00024432108271796836,0.7566429972648621,2.683703470043838,17793.322001860353,53072560640,67492642816,450m_full/train.jsonl,73500,6cc4312bae734fb0d6492056d95c6f8584a6e50a64ca879e71671ff9c1342639
74000,3161673368,3.0172469239158524,0.00024357099489932276,0.7929189801216125,2.6637489730492234,15253.314186542599,53072560640,67492642816,450m_full/train.jsonl,74000,6cc4312bae734fb0d6492056d95c6f8584a6e50a64ca879e71671ff9c1342639
74500,3183111549,3.091181329570732,0.00024281722088346415,0.841311514377594,2.667222836986184,15843.44562966821,53072560640,67492642816,450m_full/train.jsonl,74500,6cc4312bae734fb0d6492056d95c6f8584a6e50a64ca879e71671ff9c1342639
75000,3204564281,3.0429159979711016,0.00024205979603407452,0.798930287361145,2.6982226464897394,17262.104022658947,53072560640,67492642816,450m_full/train.jsonl,75000,6cc4312bae734fb0d6492056d95c6f8584a6e50a64ca879e71671ff9c1342639
75500,3225971058,3.0933143576768782,0.00024129875588611664,0.8052492737770081,2.7147115767002106,15150.78078754664,53072560640,67492642816,450m_full/train.jsonl,75500,6cc4312bae734fb0d6492056d95c6f8584a6e50a64ca879e71671ff9c1342639
76000,3247443362,3.0159251962846247,0.0002405341361441665,0.8365362882614136,2.7944817058742046,13228.928971798443,53072560640,67492642816,450m_full/train.jsonl,76000,6cc4312bae734fb0d6492056d95c6f8584a6e50a64ca879e71671ff9c1342639
76500,3268834770,2.9689987639217255,0.0002397659726807389,0.7438010573387146,2.6914392169564962,16029.71366701957,53072560640,67492642816,450m_full/train.jsonl,76500,6cc4312bae734fb0d6492056d95c6f8584a6e50a64ca879e71671ff9c1342639
77000,3290241055,3.047206748763004,0.00023899430153460376,0.8915733098983765,2.706560906022787,14560.913782617165,53072560640,67492642816,450m_full/train.jsonl,77000,6cc4312bae734fb0d6492056d95c6f8584a6e50a64ca879e71671ff9c1342639
77500,3311562045,3.0681790070166683,0.00023821915890909583,0.7722839713096619,2.667658100835979,16147.496557561493,53072560640,67492642816,450m_full/train.jsonl,77500,6cc4312bae734fb0d6492056d95c6f8584a6e50a64ca879e71671ff9c1342639
78000,3332777773,3.0845018249769054,0.00023744058117041602,0.9144374132156372,2.730929451994598,15459.205644863912,53072560640,67492642816,450m_full/train.jsonl,78000,6cc4312bae734fb0d6492056d95c6f8584a6e50a64ca879e71671ff9c1342639
78500,3354109678,3.1130547654301743,0.00023665860484592532,0.7968205213546753,2.774472787976265,16765.707777559193,53072560640,67492642816,450m_full/train.jsonl,78500,6cc4312bae734fb0d6492056d95c6f8584a6e50a64ca879e71671ff9c1342639
79000,3375446760,2.9726943779818154,0.00023587326662243094,0.7804977297782898,2.7560831485316157,15742.630995409638,53072560640,67492642816,450m_full/train.jsonl,79000,6cc4312bae734fb0d6492056d95c6f8584a6e50a64ca879e71671ff9c1342639
79500,3396844767,2.9896595607768965,0.00023508460334446539,0.7637014389038086,2.659437014721334,15357.385707545918,53072560640,67492642816,450m_full/train.jsonl,79500,6cc4312bae734fb0d6492056d95c6f8584a6e50a64ca879e71671ff9c1342639
80000,3418237793,2.9244442722343647,0.00023429265201255765,0.7236977815628052,2.6766141708940268,16666.578427737917,53072560640,67492642816,450m_full/train.jsonl,80000,6cc4312bae734fb0d6492056d95c6f8584a6e50a64ca879e71671ff9c1342639
80500,3439574312,2.9209893297804,0.0002334974497814974,0.7429628372192383,2.6780272414907813,15839.271290006413,53072560640,67492642816,450m_full/train.jsonl,80500,6cc4312bae734fb0d6492056d95c6f8584a6e50a64ca879e71671ff9c1342639
81000,3460912604,3.0376881082350753,0.000232699033958592,0.7596005201339722,2.6819785898551345,15526.596728816268,53072560640,67492642816,450m_full/train.jsonl,81000,6cc4312bae734fb0d6492056d95c6f8584a6e50a64ca879e71671ff9c1342639
81500,3482331966,2.9952889360852835,0.00023189744200191581,0.7433649301528931,2.674991182051599,16564.914418153498,53072560640,67492642816,450m_full/train.jsonl,81500,6cc4312bae734fb0d6492056d95c6f8584a6e50a64ca879e71671ff9c1342639
82000,3503713685,3.0457100698318826,0.0002310927115185533,0.7781046628952026,2.6538960095494986,15196.149304601384,53072560640,67492642816,450m_full/train.jsonl,82000,6cc4312bae734fb0d6492056d95c6f8584a6e50a64ca879e71671ff9c1342639
82500,3525076114,3.088959326036085,0.00023028488026283445,0.7671040892601013,2.6624988494440913,16611.83816445016,53072560640,67492642816,450m_full/train.jsonl,82500,6cc4312bae734fb0d6492056d95c6f8584a6e50a64ca879e71671ff9c1342639
83000,3546472724,2.906690708532618,0.00022947398613456347,0.8784852623939514,2.6488655684515834,15549.675487713548,53072560640,67492642816,450m_full/train.jsonl,83000,6cc4312bae734fb0d6492056d95c6f8584a6e50a64ca879e71671ff9c1342639
83500,3567826176,2.8573974708740333,0.00022866006717724068,0.7154133319854736,2.6794307893142104,18339.71610536624,53072560640,67492642816,450m_full/train.jsonl,83500,6cc4312bae734fb0d6492056d95c6f8584a6e50a64ca879e71671ff9c1342639
84000,3589232531,2.9799978133291964,0.00022784316157627792,0.8614301681518555,2.6430053915828466,13261.039917519733,53072560640,67492642816,450m_full/train.jsonl,84000,6cc4312bae734fb0d6492056d95c6f8584a6e50a64ca879e71671ff9c1342639
84500,3610435717,2.8812758163559975,0.00022702330765720676,0.7796027064323425,2.670639803633094,16532.367989099974,53072560640,67492642816,450m_full/train.jsonl,84500,6cc4312bae734fb0d6492056d95c6f8584a6e50a64ca879e71671ff9c1342639
85000,3631848066,3.057338797370263,0.0002262005438838806,0.8636187314987183,2.717909977771342,14718.66262207951,53072560640,67492642816,450m_full/train.jsonl,85000,6cc4312bae734fb0d6492056d95c6f8584a6e50a64ca879e71671ff9c1342639
85500,3653294669,2.952172652747278,0.00022537490885667024,0.9162169694900513,2.6652233256027102,16402.377834553175,53072560640,67492642816,450m_full/train.jsonl,85500,6cc4312bae734fb0d6492056d95c6f8584a6e50a64ca879e71671ff9c1342639
86000,3674713319,2.8546970589262717,0.00022454644131065252,0.8688653111457825,2.6496375361457467,15530.803530153657,53072560640,67492642816,450m_full/train.jsonl,86000,6cc4312bae734fb0d6492056d95c6f8584a6e50a64ca879e71671ff9c1342639
86500,3696122764,2.9786652675607006,0.00022371518011379354,0.7861687541007996,2.6518994942307472,14878.391917128536,53072560640,67492642816,450m_full/train.jsonl,86500,6cc4312bae734fb0d6492056d95c6f8584a6e50a64ca879e71671ff9c1342639
87000,3717454822,2.963644368065776,0.0002228811642651248,0.7358776330947876,2.6822087708860636,16465.906934384588,53072560640,67492642816,450m_full/train.jsonl,87000,6cc4312bae734fb0d6492056d95c6f8584a6e50a64ca879e71671ff9c1342639
87500,3738793156,2.978906034148788,0.00022204443289291367,0.8896451592445374,2.6711633959785104,15582.348898110933,53072560640,67492642816,450m_full/train.jsonl,87500,6cc4312bae734fb0d6492056d95c6f8584a6e50a64ca879e71671ff9c1342639
88000,3760155707,2.953041185793238,0.00022120502525282772,0.8924449682235718,2.676949704065919,16661.500936030174,53072560640,67492642816,450m_full/train.jsonl,88000,6cc4312bae734fb0d6492056d95c6f8584a6e50a64ca879e71671ff9c1342639
88500,3781491311,3.123838825141877,0.0002203629807260928,0.764945387840271,2.6618702122941613,16814.11805627657,53072560640,67492642816,450m_full/train.jsonl,88500,6cc4312bae734fb0d6492056d95c6f8584a6e50a64ca879e71671ff9c1342639
89000,3802792023,3.0116108830905963,0.00021951833881764585,0.7129116654396057,2.666473695077002,16467.066628509157,53072560640,67492642816,450m_full/train.jsonl,89000,6cc4312bae734fb0d6492056d95c6f8584a6e50a64ca879e71671ff9c1342639
89500,3824240655,2.971968835659108,0.000218671139154281,0.8234214186668396,2.6872141398489475,14933.681467698652,53072560640,67492642816,450m_full/train.jsonl,89500,6cc4312bae734fb0d6492056d95c6f8584a6e50a64ca879e71671ff9c1342639
90000,3845625463,2.91807874228051,0.0002178214214827909,0.8480887413024902,2.6627413081005216,16845.04606720388,53072560640,67492642816,450m_full/train.jsonl,90000,6cc4312bae734fb0d6492056d95c6f8584a6e50a64ca879e71671ff9c1342639
90500,3867017931,3.0245324952356203,0.0002169692256681017,0.7515294551849365,2.7543480917811394,16240.86662592917,53072560640,67492642816,450m_full/train.jsonl,90500,6cc4312bae734fb0d6492056d95c6f8584a6e50a64ca879e71671ff9c1342639
91000,3888341131,3.1078857204861112,0.00021611459169140296,0.796442985534668,2.6597071327269077,16919.15604026035,53072560640,67492642816,450m_full/train.jsonl,91000,6cc4312bae734fb0d6492056d95c6f8584a6e50a64ca879e71671ff9c1342639
91500,3909773785,3.079180303412524,0.00021525755964827174,0.7574961185455322,2.65569038875401,15952.913856000047,53072560640,67492642816,450m_full/train.jsonl,91500,6cc4312bae734fb0d6492056d95c6f8584a6e50a64ca879e71671ff9c1342639
92000,3931252072,3.030022681397243,0.00021439816974679155,0.7361010909080505,2.681146158836782,17288.128753156023,53072560640,67492642816,450m_full/train.jsonl,92000,6cc4312bae734fb0d6492056d95c6f8584a6e50a64ca879e71671ff9c1342639
92500,3952779318,2.9019801384556505,0.00021353646230566617,0.754348635673523,2.6459052031859756,16417.443810040673,53072560640,67492642816,450m_full/train.jsonl,92500,6cc4312bae734fb0d6492056d95c6f8584a6e50a64ca879e71671ff9c1342639
93000,3974127161,3.0140813854620436,0.00021267247775232773,0.9555189609527588,2.659751378931105,15794.333384980697,53072560640,67492642816,450m_full/train.jsonl,93000,6cc4312bae734fb0d6492056d95c6f8584a6e50a64ca879e71671ff9c1342639
93500,3995459070,2.8259763642957507,0.00021180625662104024,0.7853285074234009,2.6541206277906895,14479.748809303464,53072560640,67492642816,450m_full/train.jsonl,93500,6cc4312bae734fb0d6492056d95c6f8584a6e50a64ca879e71671ff9c1342639
94000,4016942820,2.9309413728339546,0.0002109378395509979,0.753811776638031,2.6706789107993245,17070.565770991572,53072560640,67492642816,450m_full/train.jsonl,94000,6cc4312bae734fb0d6492056d95c6f8584a6e50a64ca879e71671ff9c1342639
94500,4038337334,2.913237131780392,0.0002100672672844185,0.8060797452926636,2.641056806780398,15803.522246415083,53072560640,67492642816,450m_full/train.jsonl,94500,6cc4312bae734fb0d6492056d95c6f8584a6e50a64ca879e71671ff9c1342639
95000,4059801485,2.982394703941226,0.00020919458066463189,0.7777392864227295,2.6590283075347543,16111.900681388306,53072560640,67492642816,450m_full/train.jsonl,95000,6cc4312bae734fb0d6492056d95c6f8584a6e50a64ca879e71671ff9c1342639
95500,4081139258,2.953444111572414,0.00020831982063416384,0.7279327511787415,2.67756206728518,17811.35181988689,53072560640,67492642816,450m_full/train.jsonl,95500,6cc4312bae734fb0d6492056d95c6f8584a6e50a64ca879e71671ff9c1342639
96000,4102465851,2.9842836237807613,0.00020744302823281525,0.7607331275939941,2.6965342042967677,17375.266342011357,53072560640,67492642816,450m_full/train.jsonl,96000,6cc4312bae734fb0d6492056d95c6f8584a6e50a64ca879e71671ff9c1342639
96500,4123844411,2.9776402301247247,0.00020656424459573677,0.8000577092170715,2.722042084671557,16848.012842363387,53072560640,67492642816,450m_full/train.jsonl,96500,6cc4312bae734fb0d6492056d95c6f8584a6e50a64ca879e71671ff9c1342639
97000,4145218260,3.0359135079367365,0.00020568351095149868,0.7796028852462769,2.7275026896968484,15908.325283749815,53072560640,67492642816,450m_full/train.jsonl,97000,6cc4312bae734fb0d6492056d95c6f8584a6e50a64ca879e71671ff9c1342639
97500,4166601512,2.9027194128587235,0.00020480086862015697,0.7532014846801758,2.652975283563137,16011.080187279516,53072560640,67492642816,450m_full/train.jsonl,97500,6cc4312bae734fb0d6492056d95c6f8584a6e50a64ca879e71671ff9c1342639
98000,4187916485,2.8694216213760537,0.00020391635901131463,0.8191410899162292,2.663391792215407,17949.668591654772,53072560640,67492642816,450m_full/train.jsonl,98000,6cc4312bae734fb0d6492056d95c6f8584a6e50a64ca879e71671ff9c1342639
98500,4209250012,2.972479977580741,0.00020303002362217877,0.8496943116188049,2.6676663160324097,17619.14513727697,53072560640,67492642816,450m_full/train.jsonl,98500,6cc4312bae734fb0d6492056d95c6f8584a6e50a64ca879e71671ff9c1342639
99000,4230717717,2.98014509607447,0.000202141904035614,0.7699770927429199,2.6780556924641132,17188.58951646572,53072560640,67492642816,450m_full/train.jsonl,99000,6cc4312bae734fb0d6492056d95c6f8584a6e50a64ca879e71671ff9c1342639
99500,4252119327,2.887201256184665,0.0002012520419181915,0.7770234942436218,2.723499033600092,17105.568764758613,53073584128,83286294528,450m_full/train.jsonl,99500,6cc4312bae734fb0d6492056d95c6f8584a6e50a64ca879e71671ff9c1342639
100000,4273452521,2.9742752484018897,0.00020036047901823395,0.8037929534912109,2.7049831114709377,16626.72118331383,53073615360,83286294528,450m_full/train.jsonl,100000,6cc4312bae734fb0d6492056d95c6f8584a6e50a64ca879e71671ff9c1342639
100500,4294827966,2.879279324401293,0.00019946725716385726,0.7471322417259216,2.6941026002168655,17514.180787399033,53073615360,83286294528,450m_full/train.jsonl,100500,6cc4312bae734fb0d6492056d95c6f8584a6e50a64ca879e71671ff9c1342639
101000,4316170919,2.9810379517488976,0.0001985724182610079,0.817953884601593,2.6964011937379837,15559.628180492817,53073615360,83286294528,450m_full/train.jsonl,101000,6cc4312bae734fb0d6492056d95c6f8584a6e50a64ca879e71671ff9c1342639
101500,4337558267,2.881108747523861,0.0001976760042914971,0.7977975606918335,2.68088573589921,14499.312477024341,53073615360,83286294528,450m_full/train.jsonl,101500,6cc4312bae734fb0d6492056d95c6f8584a6e50a64ca879e71671ff9c1342639
102000,4358876205,2.8811151767313583,0.00019677805731103097,0.8027876019477844,2.705598622560501,16768.56264698423,53073615360,83286294528,450m_full/train.jsonl,102000,6cc4312bae734fb0d6492056d95c6f8584a6e50a64ca879e71671ff9c1342639
102500,4380211893,2.925768088038409,0.00019587861944723764,0.8332815170288086,2.678572006523609,14570.076856231795,53073615360,83286294528,450m_full/train.jsonl,102500,6cc4312bae734fb0d6492056d95c6f8584a6e50a64ca879e71671ff9c1342639
103000,4401537298,3.000674236251647,0.0001949777328976909,0.801679253578186,2.6767904236912727,15875.729240467901,53073630720,83286294528,450m_full/train.jsonl,103000,6cc4312bae734fb0d6492056d95c6f8584a6e50a64ca879e71671ff9c1342639
103500,4422874762,2.836729156197292,0.00019407543992793017,0.7804860472679138,2.7889832705259323,15518.558485952584,53073630720,83286294528,450m_full/train.jsonl,103500,6cc4312bae734fb0d6492056d95c6f8584a6e50a64ca879e71671ff9c1342639
104000,4444206128,2.978899311247584,0.0001931717828694779,0.8496701717376709,2.6908989772200584,15188.60438314315,53073630720,83286294528,450m_full/train.jsonl,104000,6cc4312bae734fb0d6492056d95c6f8584a6e50a64ca879e71671ff9c1342639
104500,4465530667,3.002455800028345,0.0001922668041178533,0.8556989431381226,2.6814655885100365,14801.607065207148,53073630720,83286294528,450m_full/train.jsonl,104500,6cc4312bae734fb0d6492056d95c6f8584a6e50a64ca879e71671ff9c1342639
105000,4486838833,2.843940861093269,0.0001913605461305836,0.8457084894180298,2.7704984918236732,16296.345272608609,53073630720,83286294528,450m_full/train.jsonl,105000,6cc4312bae734fb0d6492056d95c6f8584a6e50a64ca879e71671ff9c1342639
105500,4508281287,2.948707973582121,0.00019045305142521203,0.816247284412384,2.684345208108425,16972.854259719235,53073630720,83286294528,450m_full/train.jsonl,105500,6cc4312bae734fb0d6492056d95c6f8584a6e50a64ca879e71671ff9c1342639
106000,4529694322,3.0826084267810026,0.0001895443625773029,0.8779503703117371,2.667861144989729,15342.627586473427,53073630720,83286294528,450m_full/train.jsonl,106000,6cc4312bae734fb0d6492056d95c6f8584a6e50a64ca879e71671ff9c1342639
106500,4550994566,2.89719959060289,0.00018863452221844443,0.8488022089004517,2.769822772592306,15716.529025161399,53073630720,83286294528,450m_full/train.jsonl,106500,6cc4312bae734fb0d6492056d95c6f8584a6e50a64ca879e71671ff9c1342639
107000,4572389903,2.9903787876282935,0.00018772357303424857,0.8839254975318909,2.701507717370987,17492.084030019694,53073630720,83286294528,450m_full/train.jsonl,107000,6cc4312bae734fb0d6492056d95c6f8584a6e50a64ca879e71671ff9c1342639
107500,4593749740,2.989634465896966,0.00018681155776234824,0.8164456486701965,2.735486913472414,15760.265489727324,53073630720,83286294528,450m_full/train.jsonl,107500,6cc4312bae734fb0d6492056d95c6f8584a6e50a64ca879e71671ff9c1342639
108000,4615174076,2.9258018607314464,0.00018589851919039252,0.8807644248008728,2.7385763488709927,15882.70490173907,53073630720,83286294528,450m_full/train.jsonl,108000,6cc4312bae734fb0d6492056d95c6f8584a6e50a64ca879e71671ff9c1342639
108500,4636590707,2.8743967045785714,0.00018498450015403905,0.8219002485275269,2.667464930564165,14793.44659712323,53073630720,83286294528,450m_full/train.jsonl,108500,6cc4312bae734fb0d6492056d95c6f8584a6e50a64ca879e71671ff9c1342639
109000,4657913340,2.8471858577597113,0.00018406954353494449,0.8598782420158386,2.6833975352346897,16203.71168604996,53073630720,83286294528,450m_full/train.jsonl,109000,6cc4312bae734fb0d6492056d95c6f8584a6e50a64ca879e71671ff9c1342639
109500,4679356313,2.8870500281731433,0.00018315369225875255,0.7897064089775085,2.6838544569909573,17316.885376902013,53073630720,83286294528,450m_full/train.jsonl,109500,6cc4312bae734fb0d6492056d95c6f8584a6e50a64ca879e71671ff9c1342639
110000,4700611126,2.911034105366556,0.00018223698929308035,0.8322655558586121,2.665751662105322,15442.9238796714,53073630720,83286294528,450m_full/train.jsonl,110000,6cc4312bae734fb0d6492056d95c6f8584a6e50a64ca879e71671ff9c1342639
110500,4721927144,3.0359894192885806,0.00018131947764550243,0.8501046895980835,2.673079125583172,16687.871141961838,53073630720,83286294528,450m_full/train.jsonl,110500,6cc4312bae734fb0d6492056d95c6f8584a6e50a64ca879e71671ff9c1342639
111000,4743335181,2.920400638438449,0.00018040120036153298,0.8192780017852783,2.7327535450458527,15299.952707333678,53073630720,83286294528,450m_full/train.jsonl,111000,6cc4312bae734fb0d6492056d95c6f8584a6e50a64ca879e71671ff9c1342639
111500,4764689895,2.869578544371657,0.00017948220052260643,0.8769041299819946,2.6776538640260696,15848.575714036664,53073630720,83286294528,450m_full/train.jsonl,111500,6cc4312bae734fb0d6492056d95c6f8584a6e50a64ca879e71671ff9c1342639
112000,4786059647,2.97260318888273,0.0001785625212440562,0.8933707475662231,2.6790177077054977,15319.794222320128,53073630720,83286294528,450m_full/train.jsonl,112000,6cc4312bae734fb0d6492056d95c6f8584a6e50a64ca879e71671ff9c1342639
112500,4807426008,2.896612288222575,0.00017764220567309207,0.8330898880958557,2.6818000711500645,17029.606528578715,53073630720,83286294528,450m_full/train.jsonl,112500,6cc4312bae734fb0d6492056d95c6f8584a6e50a64ca879e71671ff9c1342639
113000,4828813495,2.885967894759695,0.00017672129698677563,0.8426291942596436,2.6575668081641197,15165.376041041773,53073630720,83286294528,450m_full/train.jsonl,113000,6cc4312bae734fb0d6492056d95c6f8584a6e50a64ca879e71671ff9c1342639
113500,4850192237,2.937447884239082,0.00017579983838999494,0.8981161713600159,2.689090959727764,16723.867163107356,53073635840,83286294528,450m_full/train.jsonl,113500,6cc4312bae734fb0d6492056d95c6f8584a6e50a64ca879e71671ff9c1342639
114000,4871545247,3.02021686078139,0.00017487787311343725,0.9007776975631714,2.6683307364583015,16275.718525674103,53073635840,83286294528,450m_full/train.jsonl,114000,6cc4312bae734fb0d6492056d95c6f8584a6e50a64ca879e71671ff9c1342639
114500,4892899774,2.8728969703443736,0.00017395544441156096,0.8139836192131042,2.6974868066608906,16755.596315945942,53073640960,83286294528,450m_full/train.jsonl,114500,6cc4312bae734fb0d6492056d95c6f8584a6e50a64ca879e71671ff9c1342639
115000,4914267573,2.980570463601361,0.00017303259556056638,0.8502934575080872,2.6674693264067173,15700.274258229438,53073640960,83286294528,450m_full/train.jsonl,115000,6cc4312bae734fb0d6492056d95c6f8584a6e50a64ca879e71671ff9c1342639
115500,4935648385,2.988656241837395,0.0001721093698563653,0.8907574415206909,2.673861000686884,16465.702588388092,53073640960,83286294528,450m_full/train.jsonl,115500,6cc4312bae734fb0d6492056d95c6f8584a6e50a64ca879e71671ff9c1342639
116000,4957006575,2.9036646013987224,0.00017118581061254974,0.8253166675567627,2.674645099788904,16211.870503276214,53073640960,83286294528,450m_full/train.jsonl,116000,6cc4312bae734fb0d6492056d95c6f8584a6e50a64ca879e71671ff9c1342639
116500,4978284735,2.8410951489079608,0.0001702619611583598,0.8563798666000366,2.6740817055106163,16394.41304641391,53073640960,83286294528,450m_full/train.jsonl,116500,6cc4312bae734fb0d6492056d95c6f8584a6e50a64ca879e71671ff9c1342639
117000,4999726157,2.9440371186896592,0.00016933786483665111,0.8644051551818848,2.6825694516301155,16023.816260890964,53073640960,83286294528,450m_full/train.jsonl,117000,6cc4312bae734fb0d6492056d95c6f8584a6e50a64ca879e71671ff9c1342639
117500,5021114914,2.834060638465471,0.00016841356500186118,0.8448830246925354,2.6768085472285748,15709.752587101682,53073640960,83286294528,450m_full/train.jsonl,117500,6cc4312bae734fb0d6492056d95c6f8584a6e50a64ca879e71671ff9c1342639
118000,5042459440,2.872888414313101,0.00016748910501797532,0.8799881935119629,2.671649429947138,17328.246543527985,53073640960,83286294528,450m_full/train.jsonl,118000,6cc4312bae734fb0d6492056d95c6f8584a6e50a64ca879e71671ff9c1342639
118500,5063838353,2.864193255204427,0.0001665645282564925,0.9025254249572754,2.682129804044962,17399.232479211398,53073640960,83286294528,450m_full/train.jsonl,118500,6cc4312bae734fb0d6492056d95c6f8584a6e50a64ca879e71671ff9c1342639
119000,5085123807,2.864848019780797,0.00016563987809439015,0.8602913618087769,2.742296639829874,15446.17726061459,53073640960,83286294528,450m_full/train.jsonl,119000,6cc4312bae734fb0d6492056d95c6f8584a6e50a64ca879e71671ff9c1342639
119500,5106518994,2.8780908298494525,0.0001647151979120895,0.8217223882675171,2.727283004671335,16707.83703852959,53073640960,83286294528,450m_full/train.jsonl,119500,6cc4312bae734fb0d6492056d95c6f8584a6e50a64ca879e71671ff9c1342639
120000,5127813598,2.900762991053753,0.00016379053109142014,0.8960717916488647,2.677129775285721,16038.445500990882,53073640960,83286294528,450m_full/train.jsonl,120000,6cc4312bae734fb0d6492056d95c6f8584a6e50a64ca879e71671ff9c1342639
120500,5149093538,2.80921100359383,0.00016286592101358475,0.8384830355644226,2.6821195781230927,16702.83471527756,53073640960,83286294528,450m_full/train.jsonl,120500,6cc4312bae734fb0d6492056d95c6f8584a6e50a64ca879e71671ff9c1342639
121000,5170448336,3.0448441212287425,0.00016194141105712394,0.916756808757782,2.6671932116150856,16490.74383080258,53073640960,83286294528,450m_full/train.jsonl,121000,6cc4312bae734fb0d6492056d95c6f8584a6e50a64ca879e71671ff9c1342639
121500,5191928684,2.9668621386455,0.0001610170445958811,0.8953302502632141,2.68879222497344,17763.7377690914,53073640960,83286294528,450m_full/train.jsonl,121500,6cc4312bae734fb0d6492056d95c6f8584a6e50a64ca879e71671ff9c1342639
122000,5213293916,2.953251543744885,0.00016009286499696742,0.8481839895248413,2.6783185973763466,16423.73690833129,53073640960,83286294528,450m_full/train.jsonl,122000,6cc4312bae734fb0d6492056d95c6f8584a6e50a64ca879e71671ff9c1342639
122500,5234577114,2.923233324320238,0.0001591689156187273,0.9069209098815918,2.6848479360342026,16013.197404209453,53073640960,83286294528,450m_full/train.jsonl,122500,6cc4312bae734fb0d6492056d95c6f8584a6e50a64ca879e71671ff9c1342639
123000,5255894565,2.8831428294556605,0.00015824523980870436,0.822277307510376,2.6642006039619446,16007.803592784256,53073640960,83286294528,450m_full/train.jsonl,123000,6cc4312bae734fb0d6492056d95c6f8584a6e50a64ca879e71671ff9c1342639
123500,5277276299,2.8146716760059296,0.0001573218809016075,0.8566740155220032,2.673302475363016,16213.279417292395,53073640960,83286294528,450m_full/train.jsonl,123500,6cc4312bae734fb0d6492056d95c6f8584a6e50a64ca879e71671ff9c1342639
124000,5298716978,2.8961790831087506,0.0001563988822172781,0.868458092212677,2.6675450690090656,15370.686882239384,53073640960,83286294528,450m_full/train.jsonl,124000,6cc4312bae734fb0d6492056d95c6f8584a6e50a64ca879e71671ff9c1342639
124500,5320002938,2.9074477974828374,0.0001554762870586574,0.9128836989402771,2.6690345034003258,16700.42104859009,53073640960,83286294528,450m_full/train.jsonl,124500,6cc4312bae734fb0d6492056d95c6f8584a6e50a64ca879e71671ff9c1342639
125000,5341377243,2.9628246439803085,0.000154554138709755,1.0442966222763062,2.674975298345089,16820.342239360554,53073640960,83286294528,450m_full/train.jsonl,125000,6cc4312bae734fb0d6492056d95c6f8584a6e50a64ca879e71671ff9c1342639
125500,5362821934,2.9625416979840646,0.00015363248043361835,0.9572303891181946,2.7677918449044228,15802.850232586907,53073640960,83286294528,450m_full/train.jsonl,125500,6cc4312bae734fb0d6492056d95c6f8584a6e50a64ca879e71671ff9c1342639
126000,5384137572,2.8833303434787942,0.00015271135547030275,0.9360870122909546,2.672586850821972,14486.339326294536,53073640960,83286294528,450m_full/train.jsonl,126000,6cc4312bae734fb0d6492056d95c6f8584a6e50a64ca879e71671ff9c1342639
126500,5405564431,2.8768334537572255,0.00015179080703484293,0.897516131401062,2.6756618954241276,15517.655676528791,53073640960,83286294528,450m_full/train.jsonl,126500,6cc4312bae734fb0d6492056d95c6f8584a6e50a64ca879e71671ff9c1342639
127000,5426968153,2.808135909286616,0.00015087087831522553,0.8641241788864136,2.6797820292413235,17442.463413053483,53073640960,83286294528,450m_full/train.jsonl,127000,6cc4312bae734fb0d6492056d95c6f8584a6e50a64ca879e71671ff9c1342639
127500,5448414488,2.9155880768146134,0.00014995161247036292,0.8720837831497192,2.6831823103129864,16189.358372347406,53073640960,83286294528,450m_full/train.jsonl,127500,6cc4312bae734fb0d6492056d95c6f8584a6e50a64ca879e71671ff9c1342639
128000,5469765916,2.973009583850864,0.00014903305262806832,0.8735615611076355,2.6707323864102364,17182.927137706465,53073640960,83286294528,450m_full/train.jsonl,128000,6cc4312bae734fb0d6492056d95c6f8584a6e50a64ca879e71671ff9c1342639
128500,5491069247,2.864056213761685,0.00014811524188303255,0.9341893792152405,2.6691993959248066,15830.589526025187,53073640960,83286294528,450m_full/train.jsonl,128500,6cc4312bae734fb0d6492056d95c6f8584a6e50a64ca879e71671ff9c1342639
129000,5512465881,2.91666790282173,0.00014719822329480213,0.9274185299873352,2.6737932227551937,14182.098928699344,53073640960,83286294528,450m_full/train.jsonl,129000,6cc4312bae734fb0d6492056d95c6f8584a6e50a64ca879e71671ff9c1342639
129500,5533833103,2.796924605044185,0.00014628203988575913,0.8981102108955383,2.6901001818478107,16026.912414237784,53073527808,83286294528,450m_full/train.jsonl,129500,6cc4312bae734fb0d6492056d95c6f8584a6e50a64ca879e71671ff9c1342639
130000,5555161273,2.9168336920884914,0.00014536673463910282,0.8975358605384827,2.7055852003395557,15078.068875775989,53073579520,83286294528,450m_full/train.jsonl,130000,6cc4312bae734fb0d6492056d95c6f8584a6e50a64ca879e71671ff9c1342639
130500,5576495222,2.8369249957092313,0.00014445235049683305,0.8161116242408752,2.745916612446308,17240.144797341567,53073640960,83286294528,450m_full/train.jsonl,130500,6cc4312bae734fb0d6492056d95c6f8584a6e50a64ca879e71671ff9c1342639
131000,5597757286,2.8444505393831467,0.00014353893035773553,0.9984602332115173,2.6829593032598495,15383.759250411014,53073640960,83286294528,450m_full/train.jsonl,131000,6cc4312bae734fb0d6492056d95c6f8584a6e50a64ca879e71671ff9c1342639
131500,5619118922,2.957970782709283,0.00014262651707536936,0.994138240814209,2.664722252637148,15389.596405184577,53073640960,83286294528,450m_full/train.jsonl,131500,6cc4312bae734fb0d6492056d95c6f8584a6e50a64ca879e71671ff9c1342639
132000,5640456433,2.909192449780651,0.0001417151534560564,0.9591454863548279,2.681923136115074,16148.859531722866,53073640960,83286294528,450m_full/train.jsonl,132000,6cc4312bae734fb0d6492056d95c6f8584a6e50a64ca879e71671ff9c1342639
132500,5661771798,2.7548039794686665,0.0001408048822568731,0.9007429480552673,2.6906672678887844,16588.078553102187,53073640960,83286294528,450m_full/train.jsonl,132500,6cc4312bae734fb0d6492056d95c6f8584a6e50a64ca879e71671ff9c1342639
133000,5683124283,2.944043237128564,0.0001398957461836444,0.9881055951118469,2.6832354180514812,17358.148929706167,53073640960,83286294528,450m_full/train.jsonl,133000,6cc4312bae734fb0d6492056d95c6f8584a6e50a64ca879e71671ff9c1342639
133500,5704457310,2.7629386418808934,0.00013898778788894037,0.9609549641609192,2.7713118121027946,16071.81112045428,53073640960,83286294528,450m_full/train.jsonl,133500,6cc4312bae734fb0d6492056d95c6f8584a6e50a64ca879e71671ff9c1342639
134000,5725909077,2.8937197256574376,0.0001380810499700749,1.021013617515564,2.6805451549589634,16101.202369284743,53073640960,83286294528,450m_full/train.jsonl,134000,6cc4312bae734fb0d6492056d95c6f8584a6e50a64ca879e71671ff9c1342639
134500,5747303228,2.93144938983071,0.00013717557496710736,1.0028433799743652,2.668425500392914,15761.354399366648,53073640960,83286294528,450m_full/train.jsonl,134500,6cc4312bae734fb0d6492056d95c6f8584a6e50a64ca879e71671ff9c1342639
135000,5768617221,2.821246307631927,0.00013627140536084687,0.95128333568573,2.6806974038481712,16930.29580095438,53073640960,83286294528,450m_full/train.jsonl,135000,6cc4312bae734fb0d6492056d95c6f8584a6e50a64ca879e71671ff9c1342639
135500,5790010009,2.8648290894317276,0.00013536858357085909,1.0622483491897583,2.678542595356703,15478.193280132955,53073640960,83286294528,450m_full/train.jsonl,135500,6cc4312bae734fb0d6492056d95c6f8584a6e50a64ca879e71671ff9c1342639
136000,5811382010,2.87528312862917,0.00013446715195347632,0.8925034403800964,2.6798543594777584,16387.08456102742,53073640960,83286294528,450m_full/train.jsonl,136000,6cc4312bae734fb0d6492056d95c6f8584a6e50a64ca879e71671ff9c1342639
136500,5832783009,2.8142358776427803,0.00013356715279981018,0.9318312406539917,2.6748714335262775,15985.067343454417,53073640960,83286294528,450m_full/train.jsonl,136500,6cc4312bae734fb0d6492056d95c6f8584a6e50a64ca879e71671ff9c1342639
137000,5854235517,2.901770687771715,0.00013266862833376757,0.9588475227355957,2.6756068877875805,16850.008947794006,53073640960,83286294528,450m_full/train.jsonl,137000,6cc4312bae734fb0d6492056d95c6f8584a6e50a64ca879e71671ff9c1342639
137500,5875652158,2.889821538169753,0.00013177162071006962,0.9729448556900024,2.6549196876585484,14460.324422791919,53073640960,83286294528,450m_full/train.jsonl,137500,6cc4312bae734fb0d6492056d95c6f8584a6e50a64ca879e71671ff9c1342639
138000,5897115095,2.9468303635456867,0.00013087617201227412,1.0061626434326172,2.6654325500130653,14387.158286864931,53073640960,83286294528,450m_full/train.jsonl,138000,6cc4312bae734fb0d6492056d95c6f8584a6e50a64ca879e71671ff9c1342639
138500,5918384119,2.829209598788565,0.00012998232425080107,0.8979282379150391,2.6830919049680233,17528.657856600894,53073640960,83286294528,450m_full/train.jsonl,138500,6cc4312bae734fb0d6492056d95c6f8584a6e50a64ca879e71671ff9c1342639
139000,5939734208,2.9441645831318635,0.0001290901193609617,0.9010936617851257,2.758055727928877,16871.66779437894,53073640960,83286294528,450m_full/train.jsonl,139000,6cc4312bae734fb0d6492056d95c6f8584a6e50a64ca879e71671ff9c1342639
139500,5961153266,2.8735130468507832,0.0001281995992009911,0.9537532329559326,2.6685639806091785,15715.94322067788,53073640960,83286294528,450m_full/train.jsonl,139500,6cc4312bae734fb0d6492056d95c6f8584a6e50a64ca879e71671ff9c1342639
140000,5982536436,2.811693474159779,0.00012731080555008456,0.9801028370857239,2.673556163907051,16381.926286521311,53073640960,83286294528,450m_full/train.jsonl,140000,6cc4312bae734fb0d6492056d95c6f8584a6e50a64ca879e71671ff9c1342639
140500,6003875030,2.717125532494332,0.00012642378010643715,0.918573260307312,2.6681064777076244,15869.681496511814,53073640960,83286294528,450m_full/train.jsonl,140500,6cc4312bae734fb0d6492056d95c6f8584a6e50a64ca879e71671ff9c1342639
141000,6025259670,2.9010585478175663,0.00012553856448528774,0.8972305655479431,2.6672127917408943,16165.564342490072,53073640960,83286294528,450m_full/train.jsonl,141000,6cc4312bae734fb0d6492056d95c6f8584a6e50a64ca879e71671ff9c1342639
141500,6046569792,2.773824910093805,0.00012465520021696642,0.9903979897499084,2.6704482324421406,15788.36072828216,53073640960,83286294528,450m_full/train.jsonl,141500,6cc4312bae734fb0d6492056d95c6f8584a6e50a64ca879e71671ff9c1342639
142000,6067883173,2.8918105480419736,0.00012377372874494618,0.9583290815353394,2.6619419157505035,15089.7357159933,53073640960,83286294528,450m_full/train.jsonl,142000,6cc4312bae734fb0d6492056d95c6f8584a6e50a64ca879e71671ff9c1342639
142500,6089381648,2.853842995383523,0.00012289419142389853,1.0220947265625,2.6724115312099457,16596.246304894306,53073640960,83286294528,450m_full/train.jsonl,142500,6cc4312bae734fb0d6492056d95c6f8584a6e50a64ca879e71671ff9c1342639
143000,6110640391,2.8849807298997185,0.0001220166295177533,0.9980453252792358,2.6609043292701244,16020.869119970668,53073640960,83286294528,450m_full/train.jsonl,143000,6cc4312bae734fb0d6492056d95c6f8584a6e50a64ca879e71671ff9c1342639
143500,6131849514,2.881245002049701,0.00012114108419776277,0.9525154829025269,2.6767354868352413,16176.047358042571,53073640960,83286294528,450m_full/train.jsonl,143500,6cc4312bae734fb0d6492056d95c6f8584a6e50a64ca879e71671ff9c1342639
144000,6153303070,2.90486478573907,0.00012026759654057005,0.93763667345047,2.701026275753975,15471.526647157425,53073640960,83286294528,450m_full/train.jsonl,144000,6cc4312bae734fb0d6492056d95c6f8584a6e50a64ca879e71671ff9c1342639
144500,6174633791,2.8541781526325836,0.0001193962075262821,0.9286256432533264,2.673256691545248,17641.02944141149,53073640960,83286294528,450m_full/train.jsonl,144500,6cc4312bae734fb0d6492056d95c6f8584a6e50a64ca879e71671ff9c1342639
145000,6196049750,2.7349671523406522,0.00011852695803654679,1.0713452100753784,2.65872411057353,15177.20467479998,53073640960,83286294528,450m_full/train.jsonl,145000,6cc4312bae734fb0d6492056d95c6f8584a6e50a64ca879e71671ff9c1342639
145500,6217429953,2.774422227243881,0.00011765988885263534,0.9593093395233154,2.6811657957732677,16015.0484045751,53073640960,83286294528,450m_full/train.jsonl,145500,6cc4312bae734fb0d6492056d95c6f8584a6e50a64ca879e71671ff9c1342639
146000,6238836179,2.8910486080209146,0.00011679504065352873,0.9661436676979065,2.6746986657381058,16803.7620744829,53073640960,83286294528,450m_full/train.jsonl,146000,6cc4312bae734fb0d6492056d95c6f8584a6e50a64ca879e71671ff9c1342639
146500,6260101858,2.7816153767848832,0.00011593245401400934,1.0477198362350464,2.660947274416685,15343.783919563102,53073640960,83286294528,450m_full/train.jsonl,146500,6cc4312bae734fb0d6492056d95c6f8584a6e50a64ca879e71671ff9c1342639
147000,6281494098,2.7715852452118095,0.0001150721694027574,0.990397036075592,2.681912373751402,17832.797397888884,53073640960,83286294528,450m_full/train.jsonl,147000,6cc4312bae734fb0d6492056d95c6f8584a6e50a64ca879e71671ff9c1342639
147500,6302840126,2.8632012057159444,0.00011421422718045235,1.038529396057129,2.7758877724409103,15822.325540696886,53073640960,83286294528,450m_full/train.jsonl,147500,6cc4312bae734fb0d6492056d95c6f8584a6e50a64ca879e71671ff9c1342639
148000,6324243171,2.9040696231055976,0.00011335866759787926,0.9859324097633362,2.666127033531666,15344.355120921926,53073640960,83286294528,450m_full/train.jsonl,148000,6cc4312bae734fb0d6492056d95c6f8584a6e50a64ca879e71671ff9c1342639
148500,6345703742,2.805802814002067,0.00011250553079404044,1.0664669275283813,2.6731429249048233,15020.895301148044,53073640960,83286294528,450m_full/train.jsonl,148500,6cc4312bae734fb0d6492056d95c6f8584a6e50a64ca879e71671ff9c1342639
149000,6367095134,2.8459412834119497,0.00011165485679427241,0.9591677188873291,2.6580088287591934,14954.80359956367,53073640960,83286294528,450m_full/train.jsonl,149000,6cc4312bae734fb0d6492056d95c6f8584a6e50a64ca879e71671ff9c1342639
149500,6388520120,2.9113675492995124,0.00011080668550836792,0.9405752420425415,2.6537294052541256,16151.985924086848,53073640960,83286294528,450m_full/train.jsonl,149500,6cc4312bae734fb0d6492056d95c6f8584a6e50a64ca879e71671ff9c1342639
150000,6409757175,2.911638075098541,0.00010996105672870378,0.9996048212051392,2.6709758304059505,15577.452826922932,53073640960,83286294528,450m_full/train.jsonl,150000,6cc4312bae734fb0d6492056d95c6f8584a6e50a64ca879e71671ff9c1342639
150500,6431210168,2.8003857797841167,0.00010911801012837376,1.0285154581069946,2.6373634226620197,14428.424870468269,53073640960,83286294528,450m_full/train.jsonl,150500,6cc4312bae734fb0d6492056d95c6f8584a6e50a64ca879e71671ff9c1342639
151000,6452495565,2.9680768232047594,0.00010827758525932747,0.9927611351013184,2.646252501755953,15371.549001090518,53073640960,83286294528,450m_full/train.jsonl,151000,6cc4312bae734fb0d6492056d95c6f8584a6e50a64ca879e71671ff9c1342639
151500,6473877168,2.8175332094062826,0.00010743982155051466,0.9425199627876282,2.6709766760468483,16531.03166192738,53073640960,83286294528,450m_full/train.jsonl,151500,6cc4312bae734fb0d6492056d95c6f8584a6e50a64ca879e71671ff9c1342639
152000,6495317289,2.892977048501953,0.00010660475830603533,0.9682685136795044,2.679967526346445,15667.354020980074,53073640960,83286294528,450m_full/train.jsonl,152000,6cc4312bae734fb0d6492056d95c6f8584a6e50a64ca879e71671ff9c1342639
152500,6516705191,2.783317794643818,0.00010577243470329611,0.938959538936615,2.6787842586636543,17345.555115057923,53073640960,83286294528,450m_full/train.jsonl,152500,6cc4312bae734fb0d6492056d95c6f8584a6e50a64ca879e71671ff9c1342639
153000,6538030703,2.7703888170800637,0.00010494288979117168,1.0785095691680908,2.6717573776841164,14071.262725430333,53073640960,83286294528,450m_full/train.jsonl,153000,6cc4312bae734fb0d6492056d95c6f8584a6e50a64ca879e71671ff9c1342639
153500,6559485289,2.7930110745175925,0.00010411616248817334,0.9635941386222839,2.6711925752460957,15928.091592602666,53073640960,83286294528,450m_full/train.jsonl,153500,6cc4312bae734fb0d6492056d95c6f8584a6e50a64ca879e71671ff9c1342639
154000,6580844740,2.7541409659445137,0.00010329229158062263,0.9990993142127991,2.6617560647428036,15065.242277892481,53073640960,83286294528,450m_full/train.jsonl,154000,6cc4312bae734fb0d6492056d95c6f8584a6e50a64ca879e71671ff9c1342639
154500,6602241853,2.751416633368601,0.0001024713157208321,0.8881070613861084,2.6707011461257935,16633.08530961617,53073640960,83286294528,450m_full/train.jsonl,154500,6cc4312bae734fb0d6492056d95c6f8584a6e50a64ca879e71671ff9c1342639
155000,6623551956,2.746251502403846,0.00010165327342529147,1.0276801586151123,2.6484510116279125,14921.929771964482,53073640960,83286294528,450m_full/train.jsonl,155000,6cc4312bae734fb0d6492056d95c6f8584a6e50a64ca879e71671ff9c1342639
155500,6644981763,2.8524917394321907,0.00010083820307286106,1.0581284761428833,2.6564067155122757,14814.373028872184,53073640960,83286294528,450m_full/train.jsonl,155500,6cc4312bae734fb0d6492056d95c6f8584a6e50a64ca879e71671ff9c1342639
156000,6666325503,2.952538043823941,0.00010002614290297077,1.0515854358673096,2.659756563603878,14777.66820386866,53073640960,83286294528,450m_full/train.jsonl,156000,6cc4312bae734fb0d6492056d95c6f8584a6e50a64ca879e71671ff9c1342639
156500,6687736019,2.7582974722146925,9.921713101382656e-05,0.9874053597450256,2.672585215419531,16563.737516991016,53073640960,83286294528,450m_full/train.jsonl,156500,6cc4312bae734fb0d6492056d95c6f8584a6e50a64ca879e71671ff9c1342639
157000,6709138467,2.827453588358769,9.841120536062251e-05,1.018372654914856,2.661893468350172,14720.348678824492,53073640960,83286294528,450m_full/train.jsonl,157000,6cc4312bae734fb0d6492056d95c6f8584a6e50a64ca879e71671ff9c1342639
157500,6730410938,2.79082326762351,9.760840375376064e-05,0.8859915733337402,2.6820566952228546,18580.516992337198,53073640960,83286294528,450m_full/train.jsonl,157500,6cc4312bae734fb0d6492056d95c6f8584a6e50a64ca879e71671ff9c1342639
158000,6751683984,2.7401514799622686,9.680876385707662e-05,1.0764150619506836,2.6579890064895153,16452.287760872085,53073640960,83286294528,450m_full/train.jsonl,158000,6cc4312bae734fb0d6492056d95c6f8584a6e50a64ca879e71671ff9c1342639
158500,6773022082,2.8102907396913124,9.601232318607308e-05,1.0866124629974365,2.654231321066618,14792.606691198995,53073640960,83286294528,450m_full/train.jsonl,158500,6cc4312bae734fb0d6492056d95c6f8584a6e50a64ca879e71671ff9c1342639
159000,6794363902,2.8352840358085265,9.521911910615916e-05,0.9817430973052979,2.6609001122415066,15452.665739249696,53073640960,83286294528,450m_full/train.jsonl,159000,6cc4312bae734fb0d6492056d95c6f8584a6e50a64ca879e71671ff9c1342639
159500,6815776753,2.739448954964375,9.442918883089803e-05,1.0111106634140015,2.6922004465013742,15274.86560424616,53073609728,83286294528,450m_full/train.jsonl,159500,6cc4312bae734fb0d6492056d95c6f8584a6e50a64ca879e71671ff9c1342639
160000,6837185115,2.929248944033791,9.364256942026033e-05,0.9565531611442566,2.693651709705591,17578.36762243298,53073609728,83286294528,450m_full/train.jsonl,160000,6cc4312bae734fb0d6492056d95c6f8584a6e50a64ca879e71671ff9c1342639
160500,6858629355,2.8031461560746522,9.285929777888618e-05,1.0162421464920044,2.701374350115657,15173.757757137604,53073635840,83286294528,450m_full/train.jsonl,160500,6cc4312bae734fb0d6492056d95c6f8584a6e50a64ca879e71671ff9c1342639
161000,6880078120,2.688393272219229,9.207941065435329e-05,0.9907718300819397,2.6654721032828093,14274.019207757274,53073635840,83286294528,450m_full/train.jsonl,161000,6cc4312bae734fb0d6492056d95c6f8584a6e50a64ca879e71671ff9c1342639
161500,6901444786,2.9194210723295724,9.130294463545299e-05,1.0560827255249023,2.6585449650883675,13567.948059438233,53073635840,83286294528,450m_full/train.jsonl,161500,6cc4312bae734fb0d6492056d95c6f8584a6e50a64ca879e71671ff9c1342639
162000,6922901227,2.8120494239091705,9.052993615047397e-05,1.0167933702468872,2.6753049716353416,16259.454701872824,53073635840,83286294528,450m_full/train.jsonl,162000,6cc4312bae734fb0d6492056d95c6f8584a6e50a64ca879e71671ff9c1342639
162500,6944230108,2.7247533549052623,8.976042146549274e-05,1.00881028175354,2.669457131996751,15183.986104950622,53073635840,83286294528,450m_full/train.jsonl,162500,6cc4312bae734fb0d6492056d95c6f8584a6e50a64ca879e71671ff9c1342639
163000,6965614970,2.8718032421279145,8.899443668267271e-05,1.025480031967163,2.6651906352490187,15496.452469014883,53073635840,83286294528,450m_full/train.jsonl,163000,6cc4312bae734fb0d6492056d95c6f8584a6e50a64ca879e71671ff9c1342639
163500,6987000245,2.8481475994147405,8.823201773856995e-05,0.9857745170593262,2.693987103179097,16363.478484354626,53073635840,83286294528,450m_full/train.jsonl,163500,6cc4312bae734fb0d6492056d95c6f8584a6e50a64ca879e71671ff9c1342639
164000,7008371063,2.9021630095021007,8.747320040244763e-05,1.0924149751663208,2.6757594663649797,15924.077083761324,53073635840,83286294528,450m_full/train.jsonl,164000,6cc4312bae734fb0d6492056d95c6f8584a6e50a64ca879e71671ff9c1342639
164500,7029672038,2.8168721034825928,8.671802027459749e-05,0.9796909689903259,2.677339769899845,15856.784587930031,53073635840,83286294528,450m_full/train.jsonl,164500,6cc4312bae734fb0d6492056d95c6f8584a6e50a64ca879e71671ff9c1342639
165000,7051020384,2.783521925457993,8.596651278467006e-05,0.9641982316970825,2.68314372561872,17150.031718628466,53073635840,83286294528,450m_full/train.jsonl,165000,6cc4312bae734fb0d6492056d95c6f8584a6e50a64ca879e71671ff9c1342639
165500,7072309262,2.8132056477203493,8.521871319001203e-05,1.0562560558319092,2.7560197599232197,14293.0760413334,53073635840,83286294528,450m_full/train.jsonl,165500,6cc4312bae734fb0d6492056d95c6f8584a6e50a64ca879e71671ff9c1342639
166000,7093641044,2.7902513302329477,8.447465657401257e-05,0.9371185302734375,2.6744071915745735,17849.18921486116,53073635840,83286294528,450m_full/train.jsonl,166000,6cc4312bae734fb0d6492056d95c6f8584a6e50a64ca879e71671ff9c1342639
166500,7115068794,2.8914296112656825,8.373437784445688e-05,0.9665897488594055,2.6726956758648157,16372.60852223316,53073635840,83286294528,450m_full/train.jsonl,166500,6cc4312bae734fb0d6492056d95c6f8584a6e50a64ca879e71671ff9c1342639
167000,7136399421,2.7617676777516436,8.299791173188903e-05,0.9824446439743042,2.730600744485855,16153.95443258237,53073635840,83286294528,450m_full/train.jsonl,167000,6cc4312bae734fb0d6492056d95c6f8584a6e50a64ca879e71671ff9c1342639
167500,7157691685,2.7342147438283,8.226529278798198e-05,0.9897516369819641,2.66821276769042,15735.626674308543,53073640960,83286294528,450m_full/train.jsonl,167500,6cc4312bae734fb0d6492056d95c6f8584a6e50a64ca879e71671ff9c1342639
168000,7179063449,2.739242531314526,8.153655538391717e-05,1.0353617668151855,2.7632939349859953,14546.769524250312,53073640960,83286294528,450m_full/train.jsonl,168000,6cc4312bae734fb0d6492056d95c6f8584a6e50a64ca879e71671ff9c1342639
168500,7200380840,2.7839039078832517,8.081173370877136e-05,1.0438852310180664,2.6765377577394247,17335.45505413983,53073640960,83286294528,450m_full/train.jsonl,168500,6cc4312bae734fb0d6492056d95c6f8584a6e50a64ca879e71671ff9c1342639
169000,7221706259,2.8644189319487006,8.009086176791323e-05,1.053896427154541,2.761510329321027,15480.296975934436,53073640960,83286294528,450m_full/train.jsonl,169000,6cc4312bae734fb0d6492056d95c6f8584a6e50a64ca879e71671ff9c1342639
169500,7243113710,2.8439395961307907,7.937397338140749e-05,1.0503195524215698,2.672519700601697,15137.025927588897,53073640960,83286294528,450m_full/train.jsonl,169500,6cc4312bae734fb0d6492056d95c6f8584a6e50a64ca879e71671ff9c1342639
170000,7264443770,2.6785797932042743,7.866110218242859e-05,1.0458019971847534,2.686226027086377,15484.921812449722,53073640960,83286294528,450m_full/train.jsonl,170000,6cc4312bae734fb0d6492056d95c6f8584a6e50a64ca879e71671ff9c1342639
170500,7285781234,2.8958791984010066,7.795228161568249e-05,1.0898722410202026,2.720147043466568,15409.828707855728,53073640960,83286294528,450m_full/train.jsonl,170500,6cc4312bae734fb0d6492056d95c6f8584a6e50a64ca879e71671ff9c1342639
171000,7307205804,2.9314518195699004,7.724754493583788e-05,1.1045751571655273,2.6632079035043716,15339.020264338496,53073640960,83286294528,450m_full/train.jsonl,171000,6cc4312bae734fb0d6492056d95c6f8584a6e50a64ca879e71671ff9c1342639
171500,7328476801,2.738511232247413,7.654692520596567e-05,0.9412034153938293,2.6824226286262274,16681.56222754379,53073640960,83286294528,450m_full/train.jsonl,171500,6cc4312bae734fb0d6492056d95c6f8584a6e50a64ca879e71671ff9c1342639
172000,7349923779,2.835466522353182,7.585045529598828e-05,1.0222879648208618,2.6843759529292583,17754.96459353658,53073640960,83286294528,450m_full/train.jsonl,172000,6cc4312bae734fb0d6492056d95c6f8584a6e50a64ca879e71671ff9c1342639
172500,7371259828,2.8183403001831184,7.515816788113699e-05,1.0769110918045044,2.6737049147486687,16084.422691066684,53073640960,83286294528,450m_full/train.jsonl,172500,6cc4312bae734fb0d6492056d95c6f8584a6e50a64ca879e71671ff9c1342639
173000,7392722016,2.772451311068003,7.447009544041951e-05,1.0200819969177246,2.7631255220621824,16301.105266612769,53073640960,83286294528,450m_full/train.jsonl,173000,6cc4312bae734fb0d6492056d95c6f8584a6e50a64ca879e71671ff9c1342639
173500,7414028804,2.810300912959621,7.37862702550957e-05,1.0965763330459595,2.7191426530480385,15182.726788431812,53073640960,83286294528,450m_full/train.jsonl,173500,6cc4312bae734fb0d6492056d95c6f8584a6e50a64ca879e71671ff9c1342639
174000,7435498802,2.7785202803358615,7.310672440716356e-05,1.036633014678955,2.6682037841528654,14874.800881298112,53073640960,83286294528,450m_full/train.jsonl,174000,6cc4312bae734fb0d6492056d95c6f8584a6e50a64ca879e71671ff9c1342639
174500,7456927921,2.806682369080393,7.243148977785363e-05,1.0722523927688599,2.6665456760674715,13826.502328800576,53073640960,83286294528,450m_full/train.jsonl,174500,6cc4312bae734fb0d6492056d95c6f8584a6e50a64ca879e71671ff9c1342639
175000,7478322470,2.7930100367871002,7.176059804613371e-05,1.0330002307891846,2.7214346453547478,16287.73267646189,53073640960,83286294528,450m_full/train.jsonl,175000,6cc4312bae734fb0d6492056d95c6f8584a6e50a64ca879e71671ff9c1342639
175500,7499705658,2.7506344810114567,7.109408068722221e-05,1.1001724004745483,2.678893245756626,16714.738473034296,53073640960,83286294528,450m_full/train.jsonl,175500,6cc4312bae734fb0d6492056d95c6f8584a6e50a64ca879e71671ff9c1342639
176000,7521141153,2.7509231328332127,7.043196897111181e-05,1.0267537832260132,2.6670631151646376,15556.437252681524,53073640960,83286294528,450m_full/train.jsonl,176000,6cc4312bae734fb0d6492056d95c6f8584a6e50a64ca879e71671ff9c1342639
176500,7542479337,2.770991163039166,6.977429396110212e-05,1.060512900352478,2.6620479375123978,15624.061240184295,53073640960,83286294528,450m_full/train.jsonl,176500,6cc4312bae734fb0d6492056d95c6f8584a6e50a64ca879e71671ff9c1342639
177000,7563764739,2.735712654807054,6.91210865123427e-05,0.9811072945594788,2.678380571305752,17425.081595946303,53073640960,83286294528,450m_full/train.jsonl,177000,6cc4312bae734fb0d6492056d95c6f8584a6e50a64ca879e71671ff9c1342639
177500,7585199118,2.859884787165961,6.847237727038502e-05,1.067202091217041,2.6750036403536797,15625.773127723101,53073640960,83286294528,450m_full/train.jsonl,177500,6cc4312bae734fb0d6492056d95c6f8584a6e50a64ca879e71671ff9c1342639
178000,7606491878,2.8900758502047315,6.782819666974516e-05,1.0452536344528198,2.663923915475607,16914.522122136263,53073640960,83286294528,450m_full/train.jsonl,178000,6cc4312bae734fb0d6492056d95c6f8584a6e50a64ca879e71671ff9c1342639
178500,7627763651,2.7799301633070668,6.718857493247555e-05,1.1343951225280762,2.662827543914318,17228.303088889843,53073640960,83286294528,450m_full/train.jsonl,178500,6cc4312bae734fb0d6492056d95c6f8584a6e50a64ca879e71671ff9c1342639
179000,7649197012,2.749797340890966,6.655354206674746e-05,0.9882493019104004,2.757365806028247,16371.422283292635,53073640960,83286294528,450m_full/train.jsonl,179000,6cc4312bae734fb0d6492056d95c6f8584a6e50a64ca879e71671ff9c1342639
179500,7670447830,2.7695021754956795,6.592312786544281e-05,1.0383678674697876,2.6664808318018913,17836.61799956025,53073640960,83286294528,450m_full/train.jsonl,179500,6cc4312bae734fb0d6492056d95c6f8584a6e50a64ca879e71671ff9c1342639
180000,7691888614,2.665017743126808,6.529736190475677e-05,1.0331063270568848,2.6642908845096827,15181.150164631359,53073640960,83286294528,450m_full/train.jsonl,180000,6cc4312bae734fb0d6492056d95c6f8584a6e50a64ca879e71671ff9c1342639
180500,7713181860,2.7970154777876255,6.467627354280974e-05,1.1148948669433594,2.6593123264610767,15485.95837736879,53073640960,83286294528,450m_full/train.jsonl,180500,6cc4312bae734fb0d6492056d95c6f8584a6e50a64ca879e71671ff9c1342639
181000,7734548613,2.820820457901764,6.405989191827057e-05,1.146105170249939,2.733560375869274,13562.53197378545,53073640960,83286294528,450m_full/train.jsonl,181000,6cc4312bae734fb0d6492056d95c6f8584a6e50a64ca879e71671ff9c1342639
181500,7755977795,2.7717522408894983,6.344824594898895e-05,1.0315322875976562,2.758741144090891,15726.013327827704,53073640960,83286294528,450m_full/train.jsonl,181500,6cc4312bae734fb0d6492056d95c6f8584a6e50a64ca879e71671ff9c1342639
182000,7777291346,2.7346051928289365,6.284136433063905e-05,1.012311577796936,2.668676806613803,16036.78643061455,53073640960,83286294528,450m_full/train.jsonl,182000,6cc4312bae734fb0d6492056d95c6f8584a6e50a64ca879e71671ff9c1342639
182500,7798610356,2.78092726843963,6.223927553537308e-05,1.0790845155715942,2.6699272226542234,15386.187178226386,53073640960,83286294528,450m_full/train.jsonl,182500,6cc4312bae734fb0d6492056d95c6f8584a6e50a64ca879e71671ff9c1342639
183000,7820048073,2.865234108258598,6.164200781048573e-05,1.1103304624557495,2.669764844700694,16455.756426339976,53073640960,83286294528,450m_full/train.jsonl,183000,6cc4312bae734fb0d6492056d95c6f8584a6e50a64ca879e71671ff9c1342639
183500,7841384569,2.7315065183199208,6.104958917708858e-05,1.1511735916137695,2.6615212708711624,16527.765711074568,53073640960,83286294528,450m_full/train.jsonl,183500,6cc4312bae734fb0d6492056d95c6f8584a6e50a64ca879e71671ff9c1342639
184000,7862716814,2.7567071160438696,6.0462047428795834e-05,1.0481864213943481,2.7541747353971004,14351.304400554343,53073640960,83286294528,450m_full/train.jsonl,184000,6cc4312bae734fb0d6492056d95c6f8584a6e50a64ca879e71671ff9c1342639
184500,7884041255,2.7835071043034723,5.987941013042011e-05,1.1849358081817627,2.6745580974966288,15430.212579277133,53073640960,83286294528,450m_full/train.jsonl,184500,6cc4312bae734fb0d6492056d95c6f8584a6e50a64ca879e71671ff9c1342639
185000,7905338079,2.814716127977663,5.9301704616679416e-05,1.0734403133392334,2.6669356282800436,15913.769927537018,53073640960,83286294528,450m_full/train.jsonl,185000,6cc4312bae734fb0d6492056d95c6f8584a6e50a64ca879e71671ff9c1342639
185500,7926751722,2.7482721329817412,5.872895799091455e-05,1.052974820137024,2.689560478553176,17695.4563318101,53073640960,83286294528,450m_full/train.jsonl,185500,6cc4312bae734fb0d6492056d95c6f8584a6e50a64ca879e71671ff9c1342639
186000,7948116894,2.742251580928242,5.8161197123817704e-05,1.0934311151504517,2.6632447317242622,14740.290117680575,53073640960,83286294528,450m_full/train.jsonl,186000,6cc4312bae734fb0d6492056d95c6f8584a6e50a64ca879e71671ff9c1342639
186500,7969547706,2.837167718527922,5.759844865217162e-05,1.154118299484253,2.667005443945527,15248.187847655032,53073640960,83286294528,450m_full/train.jsonl,186500,6cc4312bae734fb0d6492056d95c6f8584a6e50a64ca879e71671ff9c1342639
187000,7990924617,2.726434537387337,5.704073897760015e-05,1.0442333221435547,2.6830542106181383,16747.704844043237,53073640960,83286294528,450m_full/train.jsonl,187000,6cc4312bae734fb0d6492056d95c6f8584a6e50a64ca879e71671ff9c1342639
187500,8012290262,2.680011603292311,5.6488094265329367e-05,1.0306609869003296,2.6599597465246916,17870.571185186447,53073640960,83286294528,450m_full/train.jsonl,187500,6cc4312bae734fb0d6492056d95c6f8584a6e50a64ca879e71671ff9c1342639
188000,8033734023,2.7288419448535426,5.5940540442960196e-05,1.047701120376587,2.75751768425107,15512.86515561116,53073640960,83286294528,450m_full/train.jsonl,188000,6cc4312bae734fb0d6492056d95c6f8584a6e50a64ca879e71671ff9c1342639
188500,8055068511,2.7277145979845336,5.5398103199251886e-05,1.1148598194122314,2.6492740735411644,14008.743138603526,53073640960,83286294528,450m_full/train.jsonl,188500,6cc4312bae734fb0d6492056d95c6f8584a6e50a64ca879e71671ff9c1342639
189000,8076476766,2.7344201555076673,5.486080798291693e-05,1.0772329568862915,2.676373679190874,15886.421365813952,53073640960,83286294528,450m_full/train.jsonl,189000,6cc4312bae734fb0d6492056d95c6f8584a6e50a64ca879e71671ff9c1342639
189500,8097804624,2.759714703276279,5.432868000142696e-05,1.067850947380066,2.764242719858885,15693.267341666204,53073640960,83286294528,450m_full/train.jsonl,189500,6cc4312bae734fb0d6492056d95c6f8584a6e50a64ca879e71671ff9c1342639
190000,8119202127,2.770377968412166,5.3801744219830316e-05,1.0756077766418457,2.662125216796994,16852.32524636016,53073640960,83286294528,450m_full/train.jsonl,190000,6cc4312bae734fb0d6492056d95c6f8584a6e50a64ca879e71671ff9c1342639
190500,8140637778,2.7782383221724345,5.328002535958061e-05,1.2159091234207153,2.666252978146076,15108.093766859758,53073640960,83286294528,450m_full/train.jsonl,190500,6cc4312bae734fb0d6492056d95c6f8584a6e50a64ca879e71671ff9c1342639
191000,8161928741,2.7732282743735013,5.2763547897377115e-05,1.108824372291565,2.6656966730952263,14550.41767935403,53073640960,83286294528,450m_full/train.jsonl,191000,6cc4312bae734fb0d6492056d95c6f8584a6e50a64ca879e71671ff9c1342639
191500,8183351005,2.7046346682444335,5.225233606401617e-05,1.014330506324768,2.680883375927806,17573.68501108148,53073640960,83286294528,450m_full/train.jsonl,191500,6cc4312bae734fb0d6492056d95c6f8584a6e50a64ca879e71671ff9c1342639
192000,8204751921,2.7619660103881767,5.174641384325468e-05,1.0803370475769043,2.737533526495099,16294.229666333862,53073640960,83286294528,450m_full/train.jsonl,192000,6cc4312bae734fb0d6492056d95c6f8584a6e50a64ca879e71671ff9c1342639
192500,8226102208,2.7520734320139266,5.124580497068461e-05,1.1753034591674805,2.661063691601157,15947.382294508605,53073640960,83286294528,450m_full/train.jsonl,192500,6cc4312bae734fb0d6492056d95c6f8584a6e50a64ca879e71671ff9c1342639
193000,8247557088,2.801713836331293,5.075053293261967e-05,1.096522331237793,2.6579623986035585,15122.11008745539,53073640960,83286294528,450m_full/train.jsonl,193000,6cc4312bae734fb0d6492056d95c6f8584a6e50a64ca879e71671ff9c1342639
193500,8268904998,2.6932141454413006,5.026062096499323e-05,1.1351779699325562,2.739700609818101,15595.134682558157,53073640960,83286294528,450m_full/train.jsonl,193500,6cc4312bae734fb0d6492056d95c6f8584a6e50a64ca879e71671ff9c1342639
194000,8290202737,2.7443335624803686,4.977609205226842e-05,1.0696022510528564,2.6681760754436255,16705.044472220303,53073640960,83286294528,450m_full/train.jsonl,194000,6cc4312bae734fb0d6492056d95c6f8584a6e50a64ca879e71671ff9c1342639
194500,8311498693,2.8525909230434094,4.929696892635951e-05,1.143084168434143,2.6738146226853132,17705.041927123733,53073640960,83286294528,450m_full/train.jsonl,194500,6cc4312bae734fb0d6492056d95c6f8584a6e50a64ca879e71671ff9c1342639
195000,8332922366,2.7211375376740645,4.8823274065565804e-05,1.076664686203003,2.6576163824647665,15699.406534100543,53073640960,83286294528,450m_full/train.jsonl,195000,6cc4312bae734fb0d6492056d95c6f8584a6e50a64ca879e71671ff9c1342639
195500,8354345113,2.789616047005354,4.835502969351665e-05,1.2566760778427124,2.6551687251776457,14491.357794004474,53073640960,83286294528,450m_full/train.jsonl,195500,6cc4312bae734fb0d6492056d95c6f8584a6e50a64ca879e71671ff9c1342639
196000,8375764327,2.7986133128466606,4.789225777812917e-05,1.063202142715454,2.6661157831549644,16229.602732705096,53073640960,83286294528,450m_full/train.jsonl,196000,6cc4312bae734fb0d6492056d95c6f8584a6e50a64ca879e71671ff9c1342639
196500,8397073115,2.816584726373632,4.743498003057736e-05,1.029440999031067,2.677270347252488,18463.20826386767,53073640960,83286294528,450m_full/train.jsonl,196500,6cc4312bae734fb0d6492056d95c6f8584a6e50a64ca879e71671ff9c1342639
197000,8418339853,2.723597839974873,4.698321790427369e-05,1.1935312747955322,2.655841752886772,15434.654551779551,53073640960,83286294528,450m_full/train.jsonl,197000,6cc4312bae734fb0d6492056d95c6f8584a6e50a64ca879e71671ff9c1342639
197500,8439679480,2.8299675749805058,4.6536992593862446e-05,1.041597604751587,2.7602226715534925,15796.913940808845,53073640960,83286294528,450m_full/train.jsonl,197500,6cc4312bae734fb0d6492056d95c6f8584a6e50a64ca879e71671ff9c1342639
198000,8461070943,2.7292170022498725,4.609632503422552e-05,1.0735564231872559,2.670887989923358,15413.97473623795,53073640960,83286294528,450m_full/train.jsonl,198000,6cc4312bae734fb0d6492056d95c6f8584a6e50a64ca879e71671ff9c1342639
198500,8482393364,2.671061246883999,4.56612358995001e-05,1.0290480852127075,2.6723521910607815,17413.123972079622,53073640960,83286294528,450m_full/train.jsonl,198500,6cc4312bae734fb0d6492056d95c6f8584a6e50a64ca879e71671ff9c1342639
199000,8503898951,2.7470621954335503,4.523174560210886e-05,1.119183897972107,2.663983341306448,16619.473295312546,53073640960,83286294528,450m_full/train.jsonl,199000,6cc4312bae734fb0d6492056d95c6f8584a6e50a64ca879e71671ff9c1342639
199500,8525221415,2.757814773406406,4.480787429180218e-05,1.1339194774627686,2.6673797350376844,14976.870175342921,53073640960,83286294528,450m_full/train.jsonl,199500,6cc4312bae734fb0d6492056d95c6f8584a6e50a64ca879e71671ff9c1342639
200000,8546593527,2.755658320527824,4.438964185471298e-05,1.1249881982803345,2.700926136225462,16926.045990982933,53073620480,83286294528,450m_full/train.jsonl,200000,6cc4312bae734fb0d6492056d95c6f8584a6e50a64ca879e71671ff9c1342639
200500,8567971765,2.8395944311593317,4.397706791242349e-05,1.1459288597106934,2.7011266238987446,15133.314979880162,53073635840,83286294528,450m_full/train.jsonl,200500,6cc4312bae734fb0d6492056d95c6f8584a6e50a64ca879e71671ff9c1342639
201000,8589432819,2.7923336460532053,4.357017182104499e-05,1.0821975469589233,2.7141128443181515,16059.022782064842,53073635840,83286294528,450m_full/train.jsonl,201000,6cc4312bae734fb0d6492056d95c6f8584a6e50a64ca879e71671ff9c1342639
201500,8610804188,2.734219304873593,4.316897267030947e-05,1.0994764566421509,2.695338264107704,14469.797917149868,53073635840,83286294528,450m_full/train.jsonl,201500,6cc4312bae734fb0d6492056d95c6f8584a6e50a64ca879e71671ff9c1342639
202000,8632132633,2.682314591590376,4.277348928267424e-05,1.0727444887161255,2.6931111365556717,16629.4659704528,53073635840,83286294528,450m_full/train.jsonl,202000,6cc4312bae734fb0d6492056d95c6f8584a6e50a64ca879e71671ff9c1342639
202500,8653565251,2.67622869614014,4.238374021243857e-05,1.085536241531372,2.6820772737264633,16112.13831283791,53073635840,83286294528,450m_full/train.jsonl,202500,6cc4312bae734fb0d6492056d95c6f8584a6e50a64ca879e71671ff9c1342639
203000,8674962535,2.7517993779234438,4.1999743744873565e-05,1.1654877662658691,2.687671523541212,15829.315311547089,53073635840,83286294528,450m_full/train.jsonl,203000,6cc4312bae734fb0d6492056d95c6f8584a6e50a64ca879e71671ff9c1342639
203500,8696319036,2.6555237454890137,4.162151789536399e-05,1.0743741989135742,2.693488873541355,16254.754355987423,53073635840,83286294528,450m_full/train.jsonl,203500,6cc4312bae734fb0d6492056d95c6f8584a6e50a64ca879e71671ff9c1342639
204000,8717658807,2.7359499511563423,4.12490804085633e-05,1.1127891540527344,2.6788572557270527,17601.90838806097,53073635840,83286294528,450m_full/train.jsonl,204000,6cc4312bae734fb0d6492056d95c6f8584a6e50a64ca879e71671ff9c1342639
204500,8739051382,2.7757597216717147,4.088244875756094e-05,1.0886799097061157,2.671273998916149,15819.792360179561,53073635840,83286294528,450m_full/train.jsonl,204500,6cc4312bae734fb0d6492056d95c6f8584a6e50a64ca879e71671ff9c1342639
205000,8760437766,2.6129192008529403,4.052164014306279e-05,1.3198357820510864,2.6717536710202694,15446.409018777731,53073640960,83286294528,450m_full/train.jsonl,205000,6cc4312bae734fb0d6492056d95c6f8584a6e50a64ca879e71671ff9c1342639
205500,8781789284,2.791122719410715,4.016667149258398e-05,1.1239522695541382,2.69457571208477,16534.69961900939,53073640960,83286294528,450m_full/train.jsonl,205500,6cc4312bae734fb0d6492056d95c6f8584a6e50a64ca879e71671ff9c1342639
206000,8803160251,2.633550241376265,3.981755945965495e-05,1.081011176109314,2.7236782535910606,16109.098033936736,53073640960,83286294528,450m_full/train.jsonl,206000,6cc4312bae734fb0d6492056d95c6f8584a6e50a64ca879e71671ff9c1342639
206500,8824491609,2.686938931103961,3.9474320423039896e-05,1.0971856117248535,2.6875068582594395,14889.264329511578,53073640960,83286294528,450m_full/train.jsonl,206500,6cc4312bae734fb0d6492056d95c6f8584a6e50a64ca879e71671ff9c1342639
207000,8845877758,2.725317926861977,3.913697048596858e-05,1.2388650178909302,2.672510538250208,14474.030858387763,53073640960,83286294528,450m_full/train.jsonl,207000,6cc4312bae734fb0d6492056d95c6f8584a6e50a64ca879e71671ff9c1342639
207500,8867245305,2.704027962394177,3.880552547538063e-05,1.1923632621765137,2.7521296441555023,12318.097031509067,53073640960,83286294528,450m_full/train.jsonl,207500,6cc4312bae734fb0d6492056d95c6f8584a6e50a64ca879e71671ff9c1342639
208000,8888617434,2.6491005267722216,3.8480000941183286e-05,1.0809588432312012,2.697062611579895,16193.172458245783,53073640960,83286294528,450m_full/train.jsonl,208000,6cc4312bae734fb0d6492056d95c6f8584a6e50a64ca879e71671ff9c1342639
208500,8909973210,2.6895071701455553,3.8160412155521505e-05,1.1010173559188843,2.682196728885174,15535.027521012173,53073640960,83286294528,450m_full/train.jsonl,208500,6cc4312bae734fb0d6492056d95c6f8584a6e50a64ca879e71671ff9c1342639
209000,8931340497,2.819591271080575,3.784677411206181e-05,1.1421287059783936,2.662388887256384,15033.491234725716,53073640960,83286294528,450m_full/train.jsonl,209000,6cc4312bae734fb0d6492056d95c6f8584a6e50a64ca879e71671ff9c1342639
209500,8952613851,2.7279477570991766,3.7539101525288584e-05,1.123695731163025,2.68258098885417,15391.893169882074,53073640960,83286294528,450m_full/train.jsonl,209500,6cc4312bae734fb0d6492056d95c6f8584a6e50a64ca879e71671ff9c1342639
210000,8973994174,2.661454977208181,3.723740882981395e-05,1.088624119758606,2.7600862197577953,15181.047497739733,53073640960,83286294528,450m_full/train.jsonl,210000,6cc4312bae734fb0d6492056d95c6f8584a6e50a64ca879e71671ff9c1342639
210500,8995360687,2.7739473507795833,3.69417101797004e-05,1.1412184238433838,2.6723347939550877,15612.19054378004,53073640960,83286294528,450m_full/train.jsonl,210500,6cc4312bae734fb0d6492056d95c6f8584a6e50a64ca879e71671ff9c1342639
211000,9016717697,2.6944006382987746,3.665201944779682e-05,1.0581724643707275,2.68498819693923,16470.835905503583,53073640960,83286294528,450m_full/train.jsonl,211000,6cc4312bae734fb0d6492056d95c6f8584a6e50a64ca879e71671ff9c1342639
211500,9038055532,2.7458324301467893,3.636835022508765e-05,1.222971796989441,2.6651445776224136,15362.393599121522,53073640960,83286294528,450m_full/train.jsonl,211500,6cc4312bae734fb0d6492056d95c6f8584a6e50a64ca879e71671ff9c1342639
212000,9059461347,2.6810473013129985,3.609071582005524e-05,1.1079856157302856,2.6633807756006718,15398.849603376875,53073640960,83286294528,450m_full/train.jsonl,212000,6cc4312bae734fb0d6492056d95c6f8584a6e50a64ca879e71671ff9c1342639
212500,9080848841,2.675287866310768,3.581912925805544e-05,1.0965452194213867,2.685683660209179,16390.612435930532,53073640960,83286294528,450m_full/train.jsonl,212500,6cc4312bae734fb0d6492056d95c6f8584a6e50a64ca879e71671ff9c1342639
213000,9102226659,2.7791678492006717,3.55536032807066e-05,1.1367348432540894,2.663097534328699,15091.44876668248,53073640960,83286294528,450m_full/train.jsonl,213000,6cc4312bae734fb0d6492056d95c6f8584a6e50a64ca879e71671ff9c1342639
213500,9123611610,2.7721385941455514,3.529415034529168e-05,1.0689338445663452,2.6856616623699665,16326.330533127224,53073640960,83286294528,450m_full/train.jsonl,213500,6cc4312bae734fb0d6492056d95c6f8584a6e50a64ca879e71671ff9c1342639
214000,9144988719,2.711442089436581,3.5040782624173926e-05,1.0538005828857422,2.6725189983844757,17051.328737998432,53073640960,83286294528,450m_full/train.jsonl,214000,6cc4312bae734fb0d6492056d95c6f8584a6e50a64ca879e71671ff9c1342639
214500,9166400359,2.6480679393638,3.4793512004225635e-05,1.0595057010650635,2.6710742190480232,16044.481165811249,53073640960,83286294528,450m_full/train.jsonl,214500,6cc4312bae734fb0d6492056d95c6f8584a6e50a64ca879e71671ff9c1342639
215000,9187749506,2.7108184904960906,3.4552350086270686e-05,1.126656174659729,2.6694330349564552,15283.769798954903,53073640960,83286294528,450m_full/train.jsonl,215000,6cc4312bae734fb0d6492056d95c6f8584a6e50a64ca879e71671ff9c1342639
215500,9209106130,2.727184210770805,3.431730818454009e-05,1.0649453401565552,2.674005128443241,16352.6238356383,53073640960,83286294528,450m_full/train.jsonl,215500,6cc4312bae734fb0d6492056d95c6f8584a6e50a64ca879e71671ff9c1342639
216000,9230493953,2.632528888485273,3.408839732614134e-05,1.0760482549667358,2.686258215457201,16076.637663311807,53073640960,83286294528,450m_full/train.jsonl,216000,6cc4312bae734fb0d6492056d95c6f8584a6e50a64ca879e71671ff9c1342639
216500,9251694543,2.825100364522229,3.3865628250540894e-05,1.141414999961853,2.6576689295470715,15073.736067956112,53073640960,83286294528,450m_full/train.jsonl,216500,6cc4312bae734fb0d6492056d95c6f8584a6e50a64ca879e71671ff9c1342639
217000,9273065354,2.6646376793830995,3.364901140906052e-05,1.054007887840271,2.7611545771360397,16852.008353789264,53073640960,83286294528,450m_full/train.jsonl,217000,6cc4312bae734fb0d6492056d95c6f8584a6e50a64ca879e71671ff9c1342639
217500,9294437215,2.6706572495185874,3.343855696438678e-05,1.0808799266815186,2.679358959197998,15892.980615313374,53073640960,83286294528,450m_full/train.jsonl,217500,6cc4312bae734fb0d6492056d95c6f8584a6e50a64ca879e71671ff9c1342639
218000,9315746922,2.6410188928919323,3.3234274790094414e-05,1.0945370197296143,2.673275552690029,16320.801630829477,53073640960,83286294528,450m_full/train.jsonl,218000,6cc4312bae734fb0d6492056d95c6f8584a6e50a64ca879e71671ff9c1342639
218500,9337168165,2.7020841674614315,3.303617447018296e-05,1.1073408126831055,2.682095903903246,15539.71278183777,53073640960,83286294528,450m_full/train.jsonl,218500,6cc4312bae734fb0d6492056d95c6f8584a6e50a64ca879e71671ff9c1342639
219000,9358433497,2.628088326127239,3.284426529862726e-05,1.0957019329071045,2.6788695082068443,16317.704115890358,53073640960,83286294528,450m_full/train.jsonl,219000,6cc4312bae734fb0d6492056d95c6f8584a6e50a64ca879e71671ff9c1342639
219500,9379908519,2.7363134712296406,3.2658556278941284e-05,1.0990290641784668,2.7602807953953743,15258.592557054379,53073640960,83286294528,450m_full/train.jsonl,219500,6cc4312bae734fb0d6492056d95c6f8584a6e50a64ca879e71671ff9c1342639
220000,9401252986,2.8041611348628788,3.247905612375587e-05,1.1869274377822876,2.6729934625327587,14432.882287502862,53073640960,83286294528,450m_full/train.jsonl,220000,6cc4312bae734fb0d6492056d95c6f8584a6e50a64ca879e71671ff9c1342639
220500,9422685377,2.6554180840917967,3.230577325440985e-05,1.2994223833084106,2.658406227827072,12522.916795606288,53073640960,83286294528,450m_full/train.jsonl,220500,6cc4312bae734fb0d6492056d95c6f8584a6e50a64ca879e71671ff9c1342639
221000,9444077545,2.6994399560802025,3.2138715800555035e-05,1.1317545175552368,2.671489045023918,15831.245903395178,53073640960,83286294528,450m_full/train.jsonl,221000,6cc4312bae734fb0d6492056d95c6f8584a6e50a64ca879e71671ff9c1342639
221500,9465442392,2.6933373935578886,3.1977891599774746e-05,1.1011130809783936,2.6867784336209297,16237.66197244801,53073640960,83286294528,450m_full/train.jsonl,221500,6cc4312bae734fb0d6492056d95c6f8584a6e50a64ca879e71671ff9c1342639
222000,9486804861,2.8053189213621974,3.1823308197216205e-05,1.166825532913208,2.667422264814377,15512.354585103327,53073640960,83286294528,450m_full/train.jsonl,222000,6cc4312bae734fb0d6492056d95c6f8584a6e50a64ca879e71671ff9c1342639
222500,9508210140,2.569308229906267,3.167497284523641e-05,1.1967263221740723,2.6661788150668144,13364.820018310376,53073640960,83286294528,450m_full/train.jsonl,222500,6cc4312bae734fb0d6492056d95c6f8584a6e50a64ca879e71671ff9c1342639
223000,9529550349,2.6706863782200316,3.153289250306203e-05,1.1768779754638672,2.6717672161757946,16098.707903738996,53073640960,83286294528,450m_full/train.jsonl,223000,6cc4312bae734fb0d6492056d95c6f8584a6e50a64ca879e71671ff9c1342639
223500,9550888790,2.844734724194256,3.139707383646279e-05,1.1250348091125488,2.6772102266550064,16178.781766465132,53073640960,83286294528,450m_full/train.jsonl,223500,6cc4312bae734fb0d6492056d95c6f8584a6e50a64ca879e71671ff9c1342639
224000,9572305392,2.669131096925446,3.1267523217438854e-05,1.0644195079803467,2.6760045774281025,16806.39875557475,53073640960,83286294528,450m_full/train.jsonl,224000,6cc4312bae734fb0d6492056d95c6f8584a6e50a64ca879e71671ff9c1342639
224500,9593627882,2.6867911561822333,3.114424672392176e-05,1.157234787940979,2.6716079898178577,14844.243673153473,53073640960,83286294528,450m_full/train.jsonl,224500,6cc4312bae734fb0d6492056d95c6f8584a6e50a64ca879e71671ff9c1342639
225000,9615024594,2.709175061926051,3.102725013948943e-05,1.1707547903060913,2.6898308992385864,16153.060035223463,53073640960,83286294528,450m_full/train.jsonl,225000,6cc4312bae734fb0d6492056d95c6f8584a6e50a64ca879e71671ff9c1342639
225500,9636352480,2.6949204664395827,3.091653895309463e-05,1.1583259105682373,2.7175300866365433,15205.35143408202,53073640960,83286294528,450m_full/train.jsonl,225500,6cc4312bae734fb0d6492056d95c6f8584a6e50a64ca879e71671ff9c1342639
226000,9657685660,2.6173854426714516,3.0812118358807634e-05,1.1332513093948364,2.693475916981697,15466.631699712014,53073640960,83286294528,450m_full/train.jsonl,226000,6cc4312bae734fb0d6492056d95c6f8584a6e50a64ca879e71671ff9c1342639
226500,9679028988,2.708746058630608,3.0713993255572404e-05,1.0852457284927368,2.6868525072932243,16724.40146157081,53073640960,83286294528,450m_full/train.jsonl,226500,6cc4312bae734fb0d6492056d95c6f8584a6e50a64ca879e71671ff9c1342639
227000,9700446526,2.706001991855524,3.062216824697688e-05,1.1471940279006958,2.6829394660890102,16446.513444569864,53073640960,83286294528,450m_full/train.jsonl,227000,6cc4312bae734fb0d6492056d95c6f8584a6e50a64ca879e71671ff9c1342639
227500,9721881132,2.6228609549673543,3.053664764103688e-05,1.234620451927185,2.6893027424812317,15433.740257039753,53073640960,83286294528,450m_full/train.jsonl,227500,6cc4312bae734fb0d6492056d95c6f8584a6e50a64ca879e71671ff9c1342639
228000,9743208734,2.72951393987688,3.0457435449994086e-05,1.1160622835159302,2.6733463630080223,16239.19765905385,53073640960,83286294528,450m_full/train.jsonl,228000,6cc4312bae734fb0d6492056d95c6f8584a6e50a64ca879e71671ff9c1342639
228500,9764582881,2.787344265708681,3.0384535390127732e-05,1.187748670578003,2.7253025881946087,14730.474397191349,53073640960,83286294528,450m_full/train.jsonl,228500,6cc4312bae734fb0d6492056d95c6f8584a6e50a64ca879e71671ff9c1342639
229000,9785893469,2.758775379899146,3.0317950881580318e-05,1.06397545337677,2.7427490912377834,17460.948270112134,53073640960,83286294528,450m_full/train.jsonl,229000,6cc4312bae734fb0d6492056d95c6f8584a6e50a64ca879e71671ff9c1342639
229500,9807290701,2.7338866946765763,3.0257685048197095e-05,1.1413801908493042,2.6694824285805225,15196.204165153718,53073640960,83286294528,450m_full/train.jsonl,229500,6cc4312bae734fb0d6492056d95c6f8584a6e50a64ca879e71671ff9c1342639
230000,9828712107,2.6421034093216895,3.020374071737952e-05,1.2107112407684326,2.7055056616663933,13649.943714127667,53073594368,83286294528,450m_full/train.jsonl,230000,6cc4312bae734fb0d6492056d95c6f8584a6e50a64ca879e71671ff9c1342639
230500,9850038311,2.6239640693364947,3.0156120419952666e-05,1.2017183303833008,2.701657973229885,13620.154869570135,53073594368,83286294528,450m_full/train.jsonl,230500,6cc4312bae734fb0d6492056d95c6f8584a6e50a64ca879e71671ff9c1342639
231000,9871360857,2.6912687491821514,3.0114826390046413e-05,1.1735758781433105,2.707476958632469,15524.047163536938,53073625600,83286294528,450m_full/train.jsonl,231000,6cc4312bae734fb0d6492056d95c6f8584a6e50a64ca879e71671ff9c1342639
231500,9892708860,2.6402024052353603,3.007986056499065e-05,1.2122631072998047,2.746888969093561,15181.53826718418,53073625600,83286294528,450m_full/train.jsonl,231500,6cc4312bae734fb0d6492056d95c6f8584a6e50a64ca879e71671ff9c1342639
232000,9914108236,2.7531654561849903,3.0051224585224418e-05,1.090401291847229,2.7303274758160114,16373.493801009727,53073630720,83286294528,450m_full/train.jsonl,232000,6cc4312bae734fb0d6492056d95c6f8584a6e50a64ca879e71671ff9c1342639
232500,9935507029,2.61975330269349,3.0028919794218927e-05,1.1366060972213745,2.6827264949679375,15883.84059274342,53073630720,83286294528,450m_full/train.jsonl,232500,6cc4312bae734fb0d6492056d95c6f8584a6e50a64ca879e71671ff9c1342639
233000,9956875805,2.6547327293603162,3.0012947238414483e-05,1.178525686264038,2.7235539257526398,15049.821342778409,53073630720,83286294528,450m_full/train.jsonl,233000,6cc4312bae734fb0d6492056d95c6f8584a6e50a64ca879e71671ff9c1342639
233500,9978083493,2.7705167504903128,3.0003307667171515e-05,1.1770912408828735,2.6780348159372807,15707.413417356094,53073630720,83286294528,450m_full/train.jsonl,233500,6cc4312bae734fb0d6492056d95c6f8584a6e50a64ca879e71671ff9c1342639
234000,9999555456,2.5865981314784507,3.0000001532735243e-05,1.1016420125961304,2.684142854064703,16389.58967231613,53073630720,83286294528,450m_full/train.jsonl,234000,6cc4312bae734fb0d6492056d95c6f8584a6e50a64ca879e71671ff9c1342639
234011,10000000000,2.689485333658423,2.9999999999999997e-05,1.2887121438980103,2.705012083053589,12562.235937090563,53073630720,83286294528,450m_full/train.jsonl,234011,6cc4312bae734fb0d6492056d95c6f8584a6e50a64ca879e71671ff9c1342639
