step,tokens,nll,lr,grad_norm,seconds,tokens_per_second,peak_allocated,peak_reserved,source_id,source_line,source_sha256
500,21303201,6.5307930326735955,3.205128205128205e-05,1.6166589260101318,1.104058563709259,40957.972236614216,32875869184,47955574784,450m_rms_block/train.jsonl,500,a1aab67b433bce499233f5d3033414b2add0c6a02e304421e79b5c51da2cf224
1000,42609447,5.604712472220252,6.41025641025641e-05,2.5186026096343994,1.1180430389940739,37831.28066165993,32875869184,48010100736,450m_rms_block/train.jsonl,1000,a1aab67b433bce499233f5d3033414b2add0c6a02e304421e79b5c51da2cf224
1500,64090450,5.132401561462713,9.615384615384614e-05,1.5000110864639282,1.1537220850586891,39168.8783505442,32875869184,48010100736,450m_rms_block/train.jsonl,1500,a1aab67b433bce499233f5d3033414b2add0c6a02e304421e79b5c51da2cf224
2000,85415664,4.849796634165324,0.0001282051282051282,1.0728182792663574,1.1145502105355263,41213.03783876129,32875869184,48010100736,450m_rms_block/train.jsonl,2000,a1aab67b433bce499233f5d3033414b2add0c6a02e304421e79b5c51da2cf224
2500,106854929,4.648062600590839,0.00016025641025641023,0.8142223954200745,1.0822120904922485,43633.776054489776,32875869184,48010100736,450m_rms_block/train.jsonl,2500,a1aab67b433bce499233f5d3033414b2add0c6a02e304421e79b5c51da2cf224
3000,128194980,4.402536396535716,0.00019230769230769228,0.8138116598129272,1.0796640925109386,38406.3898092266,32875869184,48010100736,450m_rms_block/train.jsonl,3000,a1aab67b433bce499233f5d3033414b2add0c6a02e304421e79b5c51da2cf224
3500,149575525,4.122512278350456,0.00022435897435897433,0.8268386721611023,1.0918515175580978,39848.82495497825,32875869184,48010100736,450m_rms_block/train.jsonl,3500,a1aab67b433bce499233f5d3033414b2add0c6a02e304421e79b5c51da2cf224
4000,170945611,3.9790289836535098,0.0002564102564102564,0.6302212476730347,1.0912053436040878,44555.31700332288,32875869184,48010100736,450m_rms_block/train.jsonl,4000,a1aab67b433bce499233f5d3033414b2add0c6a02e304421e79b5c51da2cf224
4500,192354284,3.898888395227865,0.00028846153846153843,0.6166362762451172,1.0804796069860458,38342.23221996918,32875869184,48010100736,450m_rms_block/train.jsonl,4500,a1aab67b433bce499233f5d3033414b2add0c6a02e304421e79b5c51da2cf224
5000,213771378,3.7826434246030347,0.0002999987109717032,0.5807271599769592,1.0835763663053513,39289.3397492235,32875869184,48010100736,450m_rms_block/train.jsonl,5000,a1aab67b433bce499233f5d3033414b2add0c6a02e304421e79b5c51da2cf224
5500,235146739,3.710349347526011,0.0002999915034029183,0.6513839364051819,1.078114815056324,43593.68718770888,32875869184,48010100736,450m_rms_block/train.jsonl,5500,a1aab67b433bce499233f5d3033414b2add0c6a02e304421e79b5c51da2cf224
6000,256381669,3.715672836110851,0.000299977962640768,0.7223625779151917,1.0783596523106098,39619.43485965461,32875869184,48010100736,450m_rms_block/train.jsonl,6000,a1aab67b433bce499233f5d3033414b2add0c6a02e304421e79b5c51da2cf224
6500,277568459,3.6664533861441946,0.00029995808932052365,0.7097747325897217,1.131336521357298,36068.84355774517,32875869184,48010100736,450m_rms_block/train.jsonl,6500,a1aab67b433bce499233f5d3033414b2add0c6a02e304421e79b5c51da2cf224
7000,298980415,3.577307027111373,0.00029993188437455213,0.6864908337593079,1.1116038784384727,35491.95964971052,32875869184,48010100736,450m_rms_block/train.jsonl,7000,a1aab67b433bce499233f5d3033414b2add0c6a02e304421e79b5c51da2cf224
7500,320337997,3.464317245583451,0.00029989934903227136,0.5354457497596741,1.0762261860072613,36843.55622966831,32875869184,48010100736,450m_rms_block/train.jsonl,7500,a1aab67b433bce499233f5d3033414b2add0c6a02e304421e79b5c51da2cf224
8000,341640042,3.6121294274727016,0.0002998604848200932,0.5088738799095154,1.0907619297504425,40468.959170677444,32875869184,48010100736,450m_rms_block/train.jsonl,8000,a1aab67b433bce499233f5d3033414b2add0c6a02e304421e79b5c51da2cf224
8500,363088370,3.518076190030469,0.00029981529356135127,0.7350825071334839,1.1380708068609238,34029.51711486322,32875869184,48010100736,450m_rms_block/train.jsonl,8500,a1aab67b433bce499233f5d3033414b2add0c6a02e304421e79b5c51da2cf224
9000,384465909,3.441814772763939,0.00029976377737621606,0.5576464533805847,1.0595571137964725,36562.44622924731,32875869184,48010100736,450m_rms_block/train.jsonl,9000,a1aab67b433bce499233f5d3033414b2add0c6a02e304421e79b5c51da2cf224
9500,405831123,3.4030450473606146,0.0002997059386815949,0.49677032232284546,1.087455727159977,40920.286581426684,32875869184,48010100736,450m_rms_block/train.jsonl,9500,a1aab67b433bce499233f5d3033414b2add0c6a02e304421e79b5c51da2cf224
10000,427174916,3.385745066297784,0.00029964178019101885,0.5951972007751465,1.0715853720903397,39253.98861870037,32875869184,48010100736,450m_rms_block/train.jsonl,10000,a1aab67b433bce499233f5d3033414b2add0c6a02e304421e79b5c51da2cf224
10500,448475066,3.4460392626575844,0.0002995713049145153,0.5792550444602966,1.073456320911646,38942.4322030153,32875869184,48010100736,450m_rms_block/train.jsonl,10500,a1aab67b433bce499233f5d3033414b2add0c6a02e304421e79b5c51da2cf224
11000,469869063,3.4127876565098454,0.0002994945161584668,0.5502932667732239,1.0834031999111176,38296.9147621162,32875869184,48010100736,450m_rms_block/train.jsonl,11000,a1aab67b433bce499233f5d3033414b2add0c6a02e304421e79b5c51da2cf224
11500,491136895,3.3580927950613146,0.000299411417525456,0.7862420082092285,1.0760992020368576,37435.21036327302,32875869184,48010100736,450m_rms_block/train.jsonl,11500,a1aab67b433bce499233f5d3033414b2add0c6a02e304421e79b5c51da2cf224
12000,512579414,3.3179802557616638,0.00029932201291409653,0.6067936420440674,1.150382861495018,38661.04189191505,32875869184,48010100736,450m_rms_block/train.jsonl,12000,a1aab67b433bce499233f5d3033414b2add0c6a02e304421e79b5c51da2cf224
12500,534021740,3.3475321884597884,0.00029922630651885005,0.6180906891822815,1.0710011087357998,41041.04061281887,32875869184,48010100736,450m_rms_block/train.jsonl,12500,a1aab67b433bce499233f5d3033414b2add0c6a02e304421e79b5c51da2cf224
13000,555384680,3.4445919186130816,0.0002991243028298295,0.5622973442077637,1.1234225742518902,39901.28116292352,32875869184,48010100736,450m_rms_block/train.jsonl,13000,a1aab67b433bce499233f5d3033414b2add0c6a02e304421e79b5c51da2cf224
13500,576622592,3.3869463376930384,0.0002990160066325888,0.6431488394737244,1.0897142253816128,44448.35065178482,32875869184,48010100736,450m_rms_block/train.jsonl,13500,a1aab67b433bce499233f5d3033414b2add0c6a02e304421e79b5c51da2cf224
14000,597985602,3.3239878839576367,0.0002989014230078975,0.49979546666145325,1.0794329978525639,42118.40854452902,32875869184,48010100736,450m_rms_block/train.jsonl,14000,a1aab67b433bce499233f5d3033414b2add0c6a02e304421e79b5c51da2cf224
14500,619377368,3.3083073283691347,0.0002987805573315034,0.5710293054580688,1.0992805436253548,37436.303442868295,32875869184,48010100736,450m_rms_block/train.jsonl,14500,a1aab67b433bce499233f5d3033414b2add0c6a02e304421e79b5c51da2cf224
15000,640541291,3.416422225562075,0.0002986534152738796,0.7084885239601135,1.1497233659029007,36983.679084061594,32875869184,48010100736,450m_rms_block/train.jsonl,15000,a1aab67b433bce499233f5d3033414b2add0c6a02e304421e79b5c51da2cf224
15500,661991598,3.3808373119673067,0.00029852000279995887,0.5775110125541687,1.0703007280826569,36723.32361243107,32875869184,48010100736,450m_rms_block/train.jsonl,15500,a1aab67b433bce499233f5d3033414b2add0c6a02e304421e79b5c51da2cf224
16000,683395520,3.31568555511529,0.00029838032616885354,0.5309396386146545,1.0894633568823338,40683.332504947255,32875869184,48010100736,450m_rms_block/train.jsonl,16000,a1aab67b433bce499233f5d3033414b2add0c6a02e304421e79b5c51da2cf224
16500,704828557,3.2879289446094426,0.00029823439193356213,0.7943642735481262,1.0737413167953491,36532.07656856546,32875869184,48010100736,450m_rms_block/train.jsonl,16500,a1aab67b433bce499233f5d3033414b2add0c6a02e304421e79b5c51da2cf224
17000,726142753,3.2710758066119374,0.00029808220694066173,0.61238694190979,1.0714955106377602,39903.10698973567,32875869184,48010100736,450m_rms_block/train.jsonl,17000,a1aab67b433bce499233f5d3033414b2add0c6a02e304421e79b5c51da2cf224
17500,747496795,3.2243824889748613,0.00029792377832998674,0.5746587514877319,1.0793722346425056,40650.48052170095,32875869184,48010100736,450m_rms_block/train.jsonl,17500,a1aab67b433bce499233f5d3033414b2add0c6a02e304421e79b5c51da2cf224
18000,768871355,3.364055129716981,0.0002977591135342941,0.6082286238670349,1.1169025301933289,40239.858702997546,32875869184,48010100736,450m_rms_block/train.jsonl,18000,a1aab67b433bce499233f5d3033414b2add0c6a02e304421e79b5c51da2cf224
18500,790161329,3.310437127879991,0.00029758822027891436,0.5756399035453796,1.1251510009169579,34370.497798503224,32875869184,48010100736,450m_rms_block/train.jsonl,18500,a1aab67b433bce499233f5d3033414b2add0c6a02e304421e79b5c51da2cf224
19000,811490472,3.204106953583889,0.0002974111065813893,0.5619400143623352,1.0677728541195393,42411.64197542911,32875869184,48010100736,450m_rms_block/train.jsonl,19000,a1aab67b433bce499233f5d3033414b2add0c6a02e304421e79b5c51da2cf224
19500,832860563,3.2962897718974626,0.00029722778075109616,0.5436776280403137,1.0571889951825142,37241.21247895032,32875869184,48010100736,450m_rms_block/train.jsonl,19500,a1aab67b433bce499233f5d3033414b2add0c6a02e304421e79b5c51da2cf224
20000,854152666,3.331457294682524,0.00029703825138885706,0.548003077507019,1.1302710063755512,35448.13568958117,32875869184,48010100736,450m_rms_block/train.jsonl,20000,a1aab67b433bce499233f5d3033414b2add0c6a02e304421e79b5c51da2cf224
20500,875454198,3.385280923677151,0.0002968425273865361,0.6246219277381897,1.0773754864931107,40309.99456035768,32875869184,48010100736,450m_rms_block/train.jsonl,20500,a1aab67b433bce499233f5d3033414b2add0c6a02e304421e79b5c51da2cf224
21000,896791314,3.269265530847924,0.000296640617926622,0.6247867941856384,1.0692664757370949,37869.88643040202,32875869184,48010100736,450m_rms_block/train.jsonl,21000,a1aab67b433bce499233f5d3033414b2add0c6a02e304421e79b5c51da2cf224
21500,918089746,3.171010895539372,0.00029643253248179727,0.5392740368843079,1.0722658708691597,38929.7105634481,32875869184,48010100736,450m_rms_block/train.jsonl,21500,a1aab67b433bce499233f5d3033414b2add0c6a02e304421e79b5c51da2cf224
22000,939396140,3.2291123689356493,0.0002962182808144938,0.6574240326881409,1.0669738724827766,39061.874967020594,32875869184,48010100736,450m_rms_block/train.jsonl,22000,a1aab67b433bce499233f5d3033414b2add0c6a02e304421e79b5c51da2cf224
22500,960711719,3.333048876718953,0.0002959978729764348,0.577094554901123,1.1003640294075012,34298.649348181534,32875869184,48010100736,450m_rms_block/train.jsonl,22500,a1aab67b433bce499233f5d3033414b2add0c6a02e304421e79b5c51da2cf224
23000,982100371,3.185686808361783,0.00029577131930816336,0.5784175395965576,1.1422725394368172,37695.907511905774,32875869184,48010100736,450m_rms_block/train.jsonl,23000,a1aab67b433bce499233f5d3033414b2add0c6a02e304421e79b5c51da2cf224
23500,1003495860,3.1903980094357958,0.00029553863043855745,0.5749098062515259,1.0967563427984715,43398.882817079924,32875869184,48010100736,450m_rms_block/train.jsonl,23500,a1aab67b433bce499233f5d3033414b2add0c6a02e304421e79b5c51da2cf224
24000,1024843569,3.2475633748595953,0.0002952998172843306,0.6141349077224731,1.0757681243121624,38068.61262615029,32875869184,48010100736,450m_rms_block/train.jsonl,24000,a1aab67b433bce499233f5d3033414b2add0c6a02e304421e79b5c51da2cf224
24500,1046173325,3.218523137786024,0.00029505489104952057,0.5652316212654114,1.1568873673677444,40646.99928999423,32875869184,48010100736,450m_rms_block/train.jsonl,24500,a1aab67b433bce499233f5d3033414b2add0c6a02e304421e79b5c51da2cf224
25000,1067439927,3.230034227652259,0.0002948038632249632,0.6171194314956665,1.0631402805447578,35907.773130784735,32875869184,48010100736,450m_rms_block/train.jsonl,25000,a1aab67b433bce499233f5d3033414b2add0c6a02e304421e79b5c51da2cf224
25500,1088704397,3.1333986576235713,0.0002945467455877534,0.6060564517974854,1.0656681805849075,34969.60937648154,32875869184,48010100736,450m_rms_block/train.jsonl,25500,a1aab67b433bce499233f5d3033414b2add0c6a02e304421e79b5c51da2cf224
26000,1110028209,3.1776167863446725,0.0002942835502006927,0.6276404857635498,1.0525980927050114,37003.67715839636,32875869184,48010100736,450m_rms_block/train.jsonl,26000,a1aab67b433bce499233f5d3033414b2add0c6a02e304421e79b5c51da2cf224
26500,1131411351,3.1442360073034914,0.00029401428941172326,0.6206635236740112,1.0777551606297493,36699.42993071688,32875869184,48010100736,450m_rms_block/train.jsonl,26500,a1aab67b433bce499233f5d3033414b2add0c6a02e304421e79b5c51da2cf224
27000,1152771275,3.1400405976988837,0.0002937389758533487,0.6257374882698059,1.0665282867848873,37456.1092237184,32875869184,48010100736,450m_rms_block/train.jsonl,27000,a1aab67b433bce499233f5d3033414b2add0c6a02e304421e79b5c51da2cf224
27500,1174102916,3.231226039697408,0.0002934576224420411,0.6153921484947205,1.0811686292290688,40607.91148861386,32875869184,48010100736,450m_rms_block/train.jsonl,27500,a1aab67b433bce499233f5d3033414b2add0c6a02e304421e79b5c51da2cf224
28000,1195543367,3.258218444616643,0.00029317024237763547,0.7262373566627502,1.0730860531330109,43293.825191707576,32875869184,48010100736,450m_rms_block/train.jsonl,28000,a1aab67b433bce499233f5d3033414b2add0c6a02e304421e79b5c51da2cf224
28500,1216901886,3.17099227183377,0.0002928768491427101,0.6487887501716614,1.0797207988798618,41697.81673809314,32875869184,48010100736,450m_rms_block/train.jsonl,28500,a1aab67b433bce499233f5d3033414b2add0c6a02e304421e79b5c51da2cf224
29000,1238236686,3.240451244135761,0.0002925774565019541,0.64454585313797,1.0880670472979546,41335.688009016456,32875869184,48010100736,450m_rms_block/train.jsonl,29000,a1aab67b433bce499233f5d3033414b2add0c6a02e304421e79b5c51da2cf224
29500,1259563054,3.1755377274221495,0.0002922720785015219,0.5897332429885864,1.060118906199932,38379.65700078428,32875869184,48010100736,450m_rms_block/train.jsonl,29500,a1aab67b433bce499233f5d3033414b2add0c6a02e304421e79b5c51da2cf224
30000,1280762154,3.16630616359447,0.00029196072946837385,0.5929831266403198,1.0740767009556293,35355.948012104556,32875869184,48010100736,450m_rms_block/train.jsonl,30000,a1aab67b433bce499233f5d3033414b2add0c6a02e304421e79b5c51da2cf224
30500,1302157080,3.168991577907369,0.00029164342400960435,0.6820725202560425,1.156010214239359,35897.6066896651,32875869184,48010100736,450m_rms_block/train.jsonl,30500,a1aab67b433bce499233f5d3033414b2add0c6a02e304421e79b5c51da2cf224
31000,1323511648,3.1468207570434723,0.00029132017701175646,0.7362025380134583,1.074414636939764,40336.382724121155,32875869184,48010100736,450m_rms_block/train.jsonl,31000,a1aab67b433bce499233f5d3033414b2add0c6a02e304421e79b5c51da2cf224
31500,1344912441,3.2280192333934443,0.00029099100364012335,0.6535967588424683,1.0682368725538254,33871.70105212488,32875869184,48010100736,450m_rms_block/train.jsonl,31500,a1aab67b433bce499233f5d3033414b2add0c6a02e304421e79b5c51da2cf224
32000,1366274591,3.1584986937005306,0.00029065591933803735,0.6709229350090027,1.076305616647005,41319.119135086185,32875869184,48010100736,450m_rms_block/train.jsonl,32000,a1aab67b433bce499233f5d3033414b2add0c6a02e304421e79b5c51da2cf224
32500,1387637101,3.106562769091403,0.00029031493982614455,0.6115841865539551,1.0718625113368034,40358.72095764253,32875869184,48010100736,450m_rms_block/train.jsonl,32500,a1aab67b433bce499233f5d3033414b2add0c6a02e304421e79b5c51da2cf224
33000,1409079436,3.101841918227149,0.000289968081101668,0.6526370644569397,1.1468141973018646,36461.006585353345,32875869184,48010100736,450m_rms_block/train.jsonl,33000,a1aab67b433bce499233f5d3033414b2add0c6a02e304421e79b5c51da2cf224
33500,1430515149,3.069471445274871,0.0002896153594376569,0.6121469736099243,1.0748664289712906,42494.582367517585,32875869184,48010100736,450m_rms_block/train.jsonl,33500,a1aab67b433bce499233f5d3033414b2add0c6a02e304421e79b5c51da2cf224
34000,1451800085,3.1719832159996915,0.0002892567913822231,0.8139054775238037,1.0668811798095703,39501.11858522257,32875869184,48010100736,450m_rms_block/train.jsonl,34000,a1aab67b433bce499233f5d3033414b2add0c6a02e304421e79b5c51da2cf224
34500,1473229190,3.119514799121434,0.00028889239375776485,0.6248521208763123,1.0922514498233795,38609.24149546259,32875869184,48010100736,450m_rms_block/train.jsonl,34500,a1aab67b433bce499233f5d3033414b2add0c6a02e304421e79b5c51da2cf224
35000,1494653790,3.1506880507230006,0.0002885221836601776,0.6247773170471191,1.1222563423216343,37466.484629542414,32875869184,48010100736,450m_rms_block/train.jsonl,35000,a1aab67b433bce499233f5d3033414b2add0c6a02e304421e79b5c51da2cf224
35500,1516083609,3.2598124241147755,0.00028814617845805164,0.7201364636421204,1.0645558908581734,37909.705208119136,32875869184,48010100736,450m_rms_block/train.jsonl,35500,a1aab67b433bce499233f5d3033414b2add0c6a02e304421e79b5c51da2cf224
36000,1537389335,3.1552003001272064,0.0002877643957918577,0.5863138437271118,1.1461126990616322,38410.70780913899,32875869184,48010100736,450m_rms_block/train.jsonl,36000,a1aab67b433bce499233f5d3033414b2add0c6a02e304421e79b5c51da2cf224
36500,1558783388,3.1625583723562345,0.000287376853573119,0.7148547768592834,1.0836975537240505,40051.76522807974,32875869184,48010100736,450m_rms_block/train.jsonl,36500,a1aab67b433bce499233f5d3033414b2add0c6a02e304421e79b5c51da2cf224
37000,1580092942,3.1051548462308993,0.00028698356998357096,0.7748592495918274,1.131254207342863,35519.867894574425,32875869184,48010100736,450m_rms_block/train.jsonl,37000,a1aab67b433bce499233f5d3033414b2add0c6a02e304421e79b5c51da2cf224
37500,1601552554,3.117864956597419,0.0002865845634743084,0.7262552380561829,1.0706924796104431,41181.759319018136,32875869184,48010100736,450m_rms_block/train.jsonl,37500,a1aab67b433bce499233f5d3033414b2add0c6a02e304421e79b5c51da2cf224
38000,1622922599,3.250709776468348,0.00028617985276491967,0.8149105906486511,1.082498922944069,43661.93720678839,32875869184,48010100736,450m_rms_block/train.jsonl,38000,a1aab67b433bce499233f5d3033414b2add0c6a02e304421e79b5c51da2cf224
38500,1644279227,3.100697759485221,0.00028576945684260856,0.7009185552597046,1.0849375277757645,37108.12739839243,32875869184,48010100736,450m_rms_block/train.jsonl,38500,a1aab67b433bce499233f5d3033414b2add0c6a02e304421e79b5c51da2cf224
39000,1665613913,3.086546331536016,0.0002853533949613033,0.6551949381828308,1.0699167400598526,35578.469403021525,32875869184,48010100736,450m_rms_block/train.jsonl,39000,a1aab67b433bce499233f5d3033414b2add0c6a02e304421e79b5c51da2cf224
39500,1686978657,3.1345342942416616,0.00028493168664075363,0.672512948513031,1.0578698329627514,37383.61636539123,32875869184,48010100736,450m_rms_block/train.jsonl,39500,a1aab67b433bce499233f5d3033414b2add0c6a02e304421e79b5c51da2cf224
40000,1708339410,3.065015076919373,0.0002845043516656146,0.6994584798812866,1.1066423207521439,37534.25946313786,32875869184,48010100736,450m_rms_block/train.jsonl,40000,a1aab67b433bce499233f5d3033414b2add0c6a02e304421e79b5c51da2cf224
40500,1729690030,3.1393603249976136,0.00028407141008451864,0.814605712890625,1.0596000477671623,39550.772093971165,32875869184,48010100736,450m_rms_block/train.jsonl,40500,a1aab67b433bce499233f5d3033414b2add0c6a02e304421e79b5c51da2cf224
41000,1751110274,3.0074765963446386,0.00028363288220913476,0.6979327201843262,1.0805615484714508,41229.48855900092,32875869184,48010100736,450m_rms_block/train.jsonl,41000,a1aab67b433bce499233f5d3033414b2add0c6a02e304421e79b5c51da2cf224
41500,1772518858,3.125153144568473,0.000283188788613216,0.7356553077697754,1.0657093115150928,41358.3699830287,32875869184,48010100736,450m_rms_block/train.jsonl,41500,a1aab67b433bce499233f5d3033414b2add0c6a02e304421e79b5c51da2cf224
42000,1793832899,3.096212121987919,0.0002827391501316336,0.7438353300094604,1.130756437778473,40480.86614472816,32875869184,48010100736,450m_rms_block/train.jsonl,42000,a1aab67b433bce499233f5d3033414b2add0c6a02e304421e79b5c51da2cf224
42500,1815224018,3.0363168186983924,0.0002822839878594001,0.7396453022956848,1.122742846608162,40557.81797013052,32875869184,48010100736,450m_rms_block/train.jsonl,42500,a1aab67b433bce499233f5d3033414b2add0c6a02e304421e79b5c51da2cf224
43000,1836538709,3.1397902343324344,0.00028182332315067945,0.7221516370773315,1.0556948110461235,34771.41273776349,32875869184,48010100736,450m_rms_block/train.jsonl,43000,a1aab67b433bce499233f5d3033414b2add0c6a02e304421e79b5c51da2cf224
43500,1857866979,2.9456946224510254,0.00028135717761778494,0.6609968543052673,1.1862220950424671,36793.278579453116,32875869184,48010100736,450m_rms_block/train.jsonl,43500,a1aab67b433bce499233f5d3033414b2add0c6a02e304421e79b5c51da2cf224
44000,1879189116,3.1131681958926403,0.00028088557313016554,0.6583533883094788,1.0705359689891338,42329.26432428909,32875869184,48010100736,450m_rms_block/train.jsonl,44000,a1aab67b433bce499233f5d3033414b2add0c6a02e304421e79b5c51da2cf224
44500,1900478822,3.1201704967223973,0.00028040853181337985,0.7074200510978699,1.0763915292918682,40674.790546524564,32875869184,48010100736,450m_rms_block/train.jsonl,44500,a1aab67b433bce499233f5d3033414b2add0c6a02e304421e79b5c51da2cf224
45000,1921915537,3.015757768339887,0.00027992607604805794,0.7400298118591309,1.060577530413866,38365.88918126679,32875869184,48010100736,450m_rms_block/train.jsonl,45000,a1aab67b433bce499233f5d3033414b2add0c6a02e304421e79b5c51da2cf224
45500,1943252101,3.167253455648051,0.00027943822846885144,0.7441675066947937,1.1267524808645248,34675.76123730559,32875869184,48010100736,450m_rms_block/train.jsonl,45500,a1aab67b433bce499233f5d3033414b2add0c6a02e304421e79b5c51da2cf224
46000,1964612103,3.074256577925887,0.0002789450119633716,0.7170308828353882,1.0799407809972763,40255.911032319505,32875869184,48010100736,450m_rms_block/train.jsonl,46000,a1aab67b433bce499233f5d3033414b2add0c6a02e304421e79b5c51da2cf224
46500,1985959875,2.9611331742807976,0.0002784464496711155,0.6691945195198059,1.0717845633625984,40800.177101641944,32875869184,48010100736,450m_rms_block/train.jsonl,46500,a1aab67b433bce499233f5d3033414b2add0c6a02e304421e79b5c51da2cf224
47000,2007283519,3.1592036202271028,0.0002779425649823805,0.7702732086181641,1.0655594319105148,37604.6598622432,32875869184,48010100736,450m_rms_block/train.jsonl,47000,a1aab67b433bce499233f5d3033414b2add0c6a02e304421e79b5c51da2cf224
47500,2028728091,3.0771506825834622,0.00027743338153716677,0.728888213634491,1.0676096118986607,37483.73895663144,32875869184,48010100736,450m_rms_block/train.jsonl,47500,a1aab67b433bce499233f5d3033414b2add0c6a02e304421e79b5c51da2cf224
48000,2050012082,2.9879630678005906,0.0002769189232240683,0.7314231991767883,1.0624876283109188,35068.64363139342,32875869184,48010100736,450m_rms_block/train.jsonl,48000,a1aab67b433bce499233f5d3033414b2add0c6a02e304421e79b5c51da2cf224
48500,2071437355,3.1355161880423026,0.00027639921417915204,0.7366676926612854,1.0833232067525387,37553.889500765705,32875869184,48010100736,450m_rms_block/train.jsonl,48500,a1aab67b433bce499233f5d3033414b2add0c6a02e304421e79b5c51da2cf224
49000,2092911104,3.1690803095279056,0.0002758742787848259,0.7721385359764099,1.0766522251069546,37794.00539107023,32875869184,48010100736,450m_rms_block/train.jsonl,49000,a1aab67b433bce499233f5d3033414b2add0c6a02e304421e79b5c51da2cf224
49500,2114280257,3.0741058917850945,0.0002753441416686943,0.674643337726593,1.0756684020161629,39642.32836074259,32875869184,48010100736,450m_rms_block/train.jsonl,49500,a1aab67b433bce499233f5d3033414b2add0c6a02e304421e79b5c51da2cf224
50000,2135756702,3.0633721910152913,0.00027480882770240307,0.7235795855522156,1.0711422599852085,40417.600553448276,32875869184,48010100736,450m_rms_block/train.jsonl,50000,a1aab67b433bce499233f5d3033414b2add0c6a02e304421e79b5c51da2cf224
50500,2157090681,3.0710583286151536,0.0002742683620004726,0.6952500343322754,1.073320060968399,41550.51379526301,32875869184,48010100736,450m_rms_block/train.jsonl,50500,a1aab67b433bce499233f5d3033414b2add0c6a02e304421e79b5c51da2cf224
51000,2178490718,2.9821975038655366,0.00027372276991911946,0.7148424983024597,1.0766878761351109,40545.640911927425,32875869184,48010100736,450m_rms_block/train.jsonl,51000,a1aab67b433bce499233f5d3033414b2add0c6a02e304421e79b5c51da2cf224
51500,2199788609,3.0604014413552734,0.0002731720770550669,0.8080220222473145,1.066717203706503,37857.2688803386,32875869184,48010100736,450m_rms_block/train.jsonl,51500,a1aab67b433bce499233f5d3033414b2add0c6a02e304421e79b5c51da2cf224
52000,2221098232,3.0835570172429563,0.0002726163092443438,0.750280499458313,1.0732098035514355,38198.49563835562,32875869184,48010100736,450m_rms_block/train.jsonl,52000,a1aab67b433bce499233f5d3033414b2add0c6a02e304421e79b5c51da2cf224
52500,2242447514,3.0365462380157484,0.0002720554925610728,0.7091328501701355,1.0646925941109657,40019.06300060096,32875869184,48010100736,450m_rms_block/train.jsonl,52500,a1aab67b433bce499233f5d3033414b2add0c6a02e304421e79b5c51da2cf224
53000,2263948795,2.9885055109430416,0.000271489653316247,0.7090418934822083,1.1574680618941784,36297.3298211325,32875869184,48010100736,450m_rms_block/train.jsonl,53000,a1aab67b433bce499233f5d3033414b2add0c6a02e304421e79b5c51da2cf224
53500,2285396437,3.1093680506294192,0.00027091881805649525,0.6831691861152649,1.08373311907053,40975.032707393,32875869184,48010100736,450m_rms_block/train.jsonl,53500,a1aab67b433bce499233f5d3033414b2add0c6a02e304421e79b5c51da2cf224
54000,2306757154,3.136528215404393,0.0002703430135628369,0.7295709848403931,1.0760974995791912,40570.67321229953,32875869184,48010100736,450m_rms_block/train.jsonl,54000,a1aab67b433bce499233f5d3033414b2add0c6a02e304421e79b5c51da2cf224
54500,2328101232,3.0809728058988046,0.0002697622668494258,0.7378480434417725,1.0894818715751171,39628.011375334994,32875869184,48010100736,450m_rms_block/train.jsonl,54500,a1aab67b433bce499233f5d3033414b2add0c6a02e304421e79b5c51da2cf224
55000,2349468427,2.9782894242000566,0.00026917660516228187,0.7445060014724731,1.1201091334223747,37833.81345219328,32875869184,48010100736,450m_rms_block/train.jsonl,55000,a1aab67b433bce499233f5d3033414b2add0c6a02e304421e79b5c51da2cf224
55500,2370920533,3.126768095513701,0.0002685860559780139,0.7012135982513428,1.0761628858745098,39234.766924422234,32875869184,48010100736,450m_rms_block/train.jsonl,55500,a1aab67b433bce499233f5d3033414b2add0c6a02e304421e79b5c51da2cf224
56000,2392346163,3.0035494745441342,0.0002679906470025299,0.6846761703491211,1.12577098980546,38532.70371400861,32875869184,48010100736,450m_rms_block/train.jsonl,56000,a1aab67b433bce499233f5d3033414b2add0c6a02e304421e79b5c51da2cf224
56500,2413662706,3.134640938082479,0.0002673904061697374,0.8445178270339966,1.0747767128050327,43927.26362369965,32875869184,48010100736,450m_rms_block/train.jsonl,56500,a1aab67b433bce499233f5d3033414b2add0c6a02e304421e79b5c51da2cf224
57000,2435048663,3.137130711179897,0.00026678536164023286,0.6526881456375122,1.0847968012094498,44150.20393367914,32875869184,48010100736,450m_rms_block/train.jsonl,57000,a1aab67b433bce499233f5d3033414b2add0c6a02e304421e79b5c51da2cf224
57500,2456258392,3.0676207067777805,0.00026617554179998064,0.7119457721710205,1.0599943026900291,39749.27024897521,32875869184,48010100736,450m_rms_block/train.jsonl,57500,a1aab67b433bce499233f5d3033414b2add0c6a02e304421e79b5c51da2cf224
58000,2477680788,3.0505161936477845,0.0002655609752589812,0.7846698760986328,1.1299358829855919,37230.43106556199,32875869184,48010100736,450m_rms_block/train.jsonl,58000,a1aab67b433bce499233f5d3033414b2add0c6a02e304421e79b5c51da2cf224
58500,2499209144,3.0031610978813155,0.0002649416908499286,0.7097800374031067,1.064028050750494,39490.5002460815,32875869184,48010100736,450m_rms_block/train.jsonl,58500,a1aab67b433bce499233f5d3033414b2add0c6a02e304421e79b5c51da2cf224
59000,2520645394,3.0236768617021275,0.0002643177176268584,0.661716103553772,1.0729957893490791,43802.595002271184,32875869184,48010100736,450m_rms_block/train.jsonl,59000,a1aab67b433bce499233f5d3033414b2add0c6a02e304421e79b5c51da2cf224
59500,2542052865,2.9667856422648025,0.00026368908486378386,0.6875321269035339,1.1047159619629383,39978.60221149016,32875869184,48010100736,450m_rms_block/train.jsonl,59500,a1aab67b433bce499233f5d3033414b2add0c6a02e304421e79b5c51da2cf224
60000,2563395322,3.0098929831093564,0.000263055822053323,0.8387610912322998,1.070254523307085,40465.14082106221,32875869184,48010100736,450m_rms_block/train.jsonl,60000,a1aab67b433bce499233f5d3033414b2add0c6a02e304421e79b5c51da2cf224
60500,2584899367,3.0038204175245657,0.0002624179589053148,0.6663092970848083,1.1302504912018776,40607.81247809446,32875869184,48010100736,450m_rms_block/train.jsonl,60500,a1aab67b433bce499233f5d3033414b2add0c6a02e304421e79b5c51da2cf224
61000,2606245156,3.0485755883854178,0.00026177552534542526,0.7995526790618896,1.0812446102499962,39183.54792095034,32875869184,48010100736,450m_rms_block/train.jsonl,61000,a1aab67b433bce499233f5d3033414b2add0c6a02e304421e79b5c51da2cf224
61500,2627740187,2.9364277314600953,0.0002611285515137438,0.7564306259155273,1.1572403386235237,36477.2974041072,32875869184,48010100736,450m_rms_block/train.jsonl,61500,a1aab67b433bce499233f5d3033414b2add0c6a02e304421e79b5c51da2cf224
62000,2649126406,3.061362744404584,0.00026047706776336865,0.7182989120483398,1.1559491008520126,39366.78523860523,32875869184,48010100736,450m_rms_block/train.jsonl,62000,a1aab67b433bce499233f5d3033414b2add0c6a02e304421e79b5c51da2cf224
62500,2670593093,2.9491919423144997,0.0002598211046589833,0.7091489434242249,1.083286639302969,40420.51144300492,32875869184,48010100736,450m_rms_block/train.jsonl,62500,a1aab67b433bce499233f5d3033414b2add0c6a02e304421e79b5c51da2cf224
63000,2691983504,3.11499968458649,0.00025916069297542225,0.7665277719497681,1.0930375643074512,43961.89259098863,32875869184,48010100736,450m_rms_block/train.jsonl,63000,a1aab67b433bce499233f5d3033414b2add0c6a02e304421e79b5c51da2cf224
63500,2713293952,2.902589561532083,0.0002584958636962273,0.6737716197967529,1.1939867548644543,35855.506625666094,32875869184,48010100736,450m_rms_block/train.jsonl,63500,a1aab67b433bce499233f5d3033414b2add0c6a02e304421e79b5c51da2cf224
64000,2734564113,3.002743330562758,0.000257826648012194,0.7633343935012817,1.0469646453857422,37203.73956433739,32875869184,48010100736,450m_rms_block/train.jsonl,64000,a1aab67b433bce499233f5d3033414b2add0c6a02e304421e79b5c51da2cf224
64500,2755869539,3.067110005431409,0.00025715307731990827,0.7500185370445251,1.0770437270402908,37394.02494889918,32875869184,48010100736,450m_rms_block/train.jsonl,64500,a1aab67b433bce499233f5d3033414b2add0c6a02e304421e79b5c51da2cf224
65000,2777214207,3.1282328745072094,0.0002564751832202733,0.7361204624176025,1.0748136080801487,42716.243686204194,32875869184,48010100736,450m_rms_block/train.jsonl,65000,a1aab67b433bce499233f5d3033414b2add0c6a02e304421e79b5c51da2cf224
65500,2798564889,3.051654111097131,0.00025579299751702717,0.7068663239479065,1.0676749534904957,37221.06608390506,32875869184,48010100736,450m_rms_block/train.jsonl,65500,a1aab67b433bce499233f5d3033414b2add0c6a02e304421e79b5c51da2cf224
66000,2819970880,3.044340344044379,0.00025510655221525075,0.7201170921325684,1.1574911922216415,40628.38690784186,32875869184,48010100736,450m_rms_block/train.jsonl,66000,a1aab67b433bce499233f5d3033414b2add0c6a02e304421e79b5c51da2cf224
66500,2841344825,3.0164730353341915,0.00025441587951986576,0.7562749981880188,1.1150622181594372,35180.996505067524,32875869184,48010100736,450m_rms_block/train.jsonl,66500,a1aab67b433bce499233f5d3033414b2add0c6a02e304421e79b5c51da2cf224
67000,2862581539,3.0768413765822786,0.0002537210118341247,0.7916606664657593,1.0820360966026783,40155.77681412116,32875869184,48010100736,450m_rms_block/train.jsonl,67000,a1aab67b433bce499233f5d3033414b2add0c6a02e304421e79b5c51da2cf224
67500,2883867646,3.0162281125680344,0.0002530219817580896,0.6758015155792236,1.0707558691501617,42725.89235145645,32875869184,48010100736,450m_rms_block/train.jsonl,67500,a1aab67b433bce499233f5d3033414b2add0c6a02e304421e79b5c51da2cf224
68000,2905211364,3.017596208238092,0.0002523188220871035,0.6807804107666016,1.071279302239418,40429.232516172066,32875869184,48010100736,450m_rms_block/train.jsonl,68000,a1aab67b433bce499233f5d3033414b2add0c6a02e304421e79b5c51da2cf224
68500,2926519455,3.0056659834600867,0.0002516115658102512,0.6895704865455627,1.0669203400611877,40977.754719244236,32875869184,48010100736,450m_rms_block/train.jsonl,68500,a1aab67b433bce499233f5d3033414b2add0c6a02e304421e79b5c51da2cf224
69000,2947875574,3.0206877347694276,0.0002509002461088119,0.7294729351997375,1.1348268277943134,36478.693476484485,32875869184,48010100736,450m_rms_block/train.jsonl,69000,a1aab67b433bce499233f5d3033414b2add0c6a02e304421e79b5c51da2cf224
69500,2969257932,3.065879471897745,0.00025018489635470235,0.7740209102630615,1.0606076531112194,37048.57294281609,32875869184,48010100736,450m_rms_block/train.jsonl,69500,a1aab67b433bce499233f5d3033414b2add0c6a02e304421e79b5c51da2cf224
70000,2990592721,3.0570662994174076,0.0002494655501089112,0.7072216868400574,1.0741918720304966,38429.81973226849,32875869184,48010100736,450m_rms_block/train.jsonl,70000,a1aab67b433bce499233f5d3033414b2add0c6a02e304421e79b5c51da2cf224
70500,3012070319,2.9124024056158113,0.0002487422411199246,0.6853703856468201,1.0763071291148663,42531.54026550591,32875869184,48010100736,450m_rms_block/train.jsonl,70500,a1aab67b433bce499233f5d3033414b2add0c6a02e304421e79b5c51da2cf224
71000,3033412245,3.0253846419159385,0.0002480150033221425,0.7600077986717224,1.0750927217304707,41295.04283922613,32875869184,48010100736,450m_rms_block/train.jsonl,71000,a1aab67b433bce499233f5d3033414b2add0c6a02e304421e79b5c51da2cf224
71500,3054720207,3.008917446744586,0.0002472838708342872,0.7312842607498169,1.0741367265582085,39508.00577872271,32875869184,48010100736,450m_rms_block/train.jsonl,71500,a1aab67b433bce499233f5d3033414b2add0c6a02e304421e79b5c51da2cf224
72000,3076090747,2.8558394710043324,0.00024654887795780213,0.8040399551391602,1.0561742894351482,35621.01480440373,32875869184,48010100736,450m_rms_block/train.jsonl,72000,a1aab67b433bce499233f5d3033414b2add0c6a02e304421e79b5c51da2cf224
72500,3097528943,3.0019253452222823,0.00024581005917524273,0.7643658518791199,1.0674519203603268,39848.16476384401,32875869184,48010100736,450m_rms_block/train.jsonl,72500,a1aab67b433bce499233f5d3033414b2add0c6a02e304421e79b5c51da2cf224
73000,3118946285,2.9725273846874924,0.0002450674491486588,0.7666167616844177,1.1548549197614193,36602.866106101654,32875869184,48010100736,450m_rms_block/train.jsonl,73000,a1aab67b433bce499233f5d3033414b2add0c6a02e304421e79b5c51da2cf224
73500,3140320269,3.075670668898685,0.00024432108271796836,0.6947975158691406,1.1274587139487267,42353.65730844102,32875869184,48010100736,450m_rms_block/train.jsonl,73500,a1aab67b433bce499233f5d3033414b2add0c6a02e304421e79b5c51da2cf224
74000,3161673368,3.0271475289803353,0.00024357099489932276,0.8104453682899475,1.0692378915846348,37999.96270220459,32875869184,48010100736,450m_rms_block/train.jsonl,74000,a1aab67b433bce499233f5d3033414b2add0c6a02e304421e79b5c51da2cf224
74500,3183111549,3.095553837439065,0.00024281722088346415,0.7666661143302917,1.0704677253961563,39476.20184845952,32875869184,48010100736,450m_rms_block/train.jsonl,74500,a1aab67b433bce499233f5d3033414b2add0c6a02e304421e79b5c51da2cf224
75000,3204564281,3.0462042776611846,0.00024205979603407452,0.7334406971931458,1.0954667888581753,42517.948032498585,32875869184,48010100736,450m_rms_block/train.jsonl,75000,a1aab67b433bce499233f5d3033414b2add0c6a02e304421e79b5c51da2cf224
75500,3225971058,3.096898315934233,0.00024129875588611664,0.7485807538032532,1.1260696798563004,36525.2708031786,32875869184,48010100736,450m_rms_block/train.jsonl,75500,a1aab67b433bce499233f5d3033414b2add0c6a02e304421e79b5c51da2cf224
76000,3247443362,3.012084881688217,0.0002405341361441665,0.7593562602996826,1.0687608532607555,34589.590259796474,32875869184,48010100736,450m_rms_block/train.jsonl,76000,a1aab67b433bce499233f5d3033414b2add0c6a02e304421e79b5c51da2cf224
76500,3268834770,2.978057347078321,0.0002397659726807389,0.749032735824585,1.0651040896773338,40505.900238416965,32875869184,48010100736,450m_rms_block/train.jsonl,76500,a1aab67b433bce499233f5d3033414b2add0c6a02e304421e79b5c51da2cf224
77000,3290241055,3.0584973575076124,0.00023899430153460376,0.794783353805542,1.0753054767847061,36650.05047481083,32875869184,48010100736,450m_rms_block/train.jsonl,77000,a1aab67b433bce499233f5d3033414b2add0c6a02e304421e79b5c51da2cf224
77500,3311562045,3.0792843335761213,0.00023821915890909583,0.7485791444778442,1.1298349164426327,38125.923861184885,32875869184,48010100736,450m_rms_block/train.jsonl,77500,a1aab67b433bce499233f5d3033414b2add0c6a02e304421e79b5c51da2cf224
78000,3332777773,3.0983272463759532,0.00023744058117041602,0.8158496618270874,1.0838001854717731,38953.67482486885,32875869184,48010100736,450m_rms_block/train.jsonl,78000,a1aab67b433bce499233f5d3033414b2add0c6a02e304421e79b5c51da2cf224
78500,3354109678,3.119983412965431,0.00023665860484592532,0.8424737453460693,1.0852082595229149,42863.66196701232,32875869184,48010100736,450m_rms_block/train.jsonl,78500,a1aab67b433bce499233f5d3033414b2add0c6a02e304421e79b5c51da2cf224
79000,3375446760,2.981856977663755,0.00023587326662243094,0.7533078789710999,1.061387076973915,40878.58326266988,32875869184,48010100736,450m_rms_block/train.jsonl,79000,a1aab67b433bce499233f5d3033414b2add0c6a02e304421e79b5c51da2cf224
79500,3396844767,3.0045664733913617,0.00023508460334446539,0.7542544603347778,1.064236342906952,38376.8138273125,32875869184,48010100736,450m_rms_block/train.jsonl,79500,a1aab67b433bce499233f5d3033414b2add0c6a02e304421e79b5c51da2cf224
80000,3418237793,2.9333621858187624,0.00023429265201255765,0.7063746452331543,1.0847838707268238,41123.39905101145,32875869184,48010100736,450m_rms_block/train.jsonl,80000,a1aab67b433bce499233f5d3033414b2add0c6a02e304421e79b5c51da2cf224
80500,3439574312,2.930430201359093,0.0002334974497814974,0.7515619397163391,1.085150558501482,39089.50667507035,32875869184,48010100736,450m_rms_block/train.jsonl,80500,a1aab67b433bce499233f5d3033414b2add0c6a02e304421e79b5c51da2cf224
81000,3460912604,3.0400085757018154,0.000232699033958592,1.019148349761963,1.086986556649208,38309.58142515344,32875869184,48010100736,450m_rms_block/train.jsonl,81000,a1aab67b433bce499233f5d3033414b2add0c6a02e304421e79b5c51da2cf224
81500,3482331966,2.9975722027261855,0.00023189744200191581,0.7502831816673279,1.0938605479896069,40508.819960129884,32875869184,48010100736,450m_rms_block/train.jsonl,81500,a1aab67b433bce499233f5d3033414b2add0c6a02e304421e79b5c51da2cf224
82000,3503713685,3.0505853999293313,0.0002310927115185533,0.7592185735702515,1.1455923803150654,35203.62101999016,32875869184,48010100736,450m_rms_block/train.jsonl,82000,a1aab67b433bce499233f5d3033414b2add0c6a02e304421e79b5c51da2cf224
82500,3525076114,3.0916409482466256,0.00023028488026283445,0.7124728560447693,1.0718322545289993,41264.85260460441,32875869184,48010100736,450m_rms_block/train.jsonl,82500,a1aab67b433bce499233f5d3033414b2add0c6a02e304421e79b5c51da2cf224
83000,3546472724,2.9114784704350676,0.00022947398613456347,0.7942047715187073,1.0559220016002655,39007.61603373872,32875869184,48010100736,450m_rms_block/train.jsonl,83000,a1aab67b433bce499233f5d3033414b2add0c6a02e304421e79b5c51da2cf224
83500,3567826176,2.860185304423586,0.00022866006717724068,0.7117694616317749,1.0874453149735928,45188.479202922776,32875869184,48010100736,450m_rms_block/train.jsonl,83500,a1aab67b433bce499233f5d3033414b2add0c6a02e304421e79b5c51da2cf224
84000,3589232531,2.990562877150561,0.00022784316157627792,0.7991781234741211,1.0974042378365993,31938.09426970584,32875869184,48010100736,450m_rms_block/train.jsonl,84000,a1aab67b433bce499233f5d3033414b2add0c6a02e304421e79b5c51da2cf224
84500,3610435717,2.8865046016460183,0.00022702330765720676,0.7300707101821899,1.0802451595664024,40872.203507694576,32875869184,48010100736,450m_rms_block/train.jsonl,84500,a1aab67b433bce499233f5d3033414b2add0c6a02e304421e79b5c51da2cf224
85000,3631848066,3.053495480530072,0.0002262005438838806,0.7847684621810913,1.071745041757822,37326.04158764053,32875869184,48010100736,450m_rms_block/train.jsonl,85000,a1aab67b433bce499233f5d3033414b2add0c6a02e304421e79b5c51da2cf224
85500,3653294669,2.9593753931626865,0.00022537490885667024,0.7943956851959229,1.0693160593509674,40882.20654474589,32875869184,48010100736,450m_rms_block/train.jsonl,85500,a1aab67b433bce499233f5d3033414b2add0c6a02e304421e79b5c51da2cf224
86000,3674713319,2.855645262645501,0.00022454644131065252,0.7569447159767151,1.0603125020861626,38810.25633389731,32875869184,48010100736,450m_rms_block/train.jsonl,86000,a1aab67b433bce499233f5d3033414b2add0c6a02e304421e79b5c51da2cf224
86500,3696122764,2.9900580017139347,0.00022371518011379354,0.7555848360061646,1.0617322362959385,37161.91206329951,32875869184,48010100736,450m_rms_block/train.jsonl,86500,a1aab67b433bce499233f5d3033414b2add0c6a02e304421e79b5c51da2cf224
87000,3717454822,2.9679089600079247,0.0002228811642651248,0.7182396054267883,1.0874157026410103,40614.64248928566,32875869184,48010100736,450m_rms_block/train.jsonl,87000,a1aab67b433bce499233f5d3033414b2add0c6a02e304421e79b5c51da2cf224
87500,3738793156,2.987074266331115,0.00022204443289291367,0.7630603909492493,1.0735226012766361,38772.35556149615,32875869184,48010100736,450m_rms_block/train.jsonl,87500,a1aab67b433bce499233f5d3033414b2add0c6a02e304421e79b5c51da2cf224
88000,3760155707,2.9591113224322902,0.00022120502525282772,0.809349775314331,1.0866977013647556,41043.61308944106,32875869184,48010100736,450m_rms_block/train.jsonl,88000,a1aab67b433bce499233f5d3033414b2add0c6a02e304421e79b5c51da2cf224
88500,3781491311,3.122970333202069,0.0002203629807260928,0.7330406904220581,1.0924547836184502,40969.20135381255,32875869184,48010100736,450m_rms_block/train.jsonl,88500,a1aab67b433bce499233f5d3033414b2add0c6a02e304421e79b5c51da2cf224
89000,3802792023,3.013627571725045,0.00021951833881764585,0.6972088813781738,1.1506116166710854,38161.443326147,32875869184,48010100736,450m_rms_block/train.jsonl,89000,a1aab67b433bce499233f5d3033414b2add0c6a02e304421e79b5c51da2cf224
89500,3824240655,2.9756937414340894,0.000218671139154281,0.772365391254425,1.0644709169864655,37699.47995724363,32875869184,48010100736,450m_rms_block/train.jsonl,89500,a1aab67b433bce499233f5d3033414b2add0c6a02e304421e79b5c51da2cf224
90000,3845625463,2.9265285530554688,0.0002178214214827909,0.790205717086792,1.0714303739368916,41863.662904372686,32875869184,48010100736,450m_rms_block/train.jsonl,90000,a1aab67b433bce499233f5d3033414b2add0c6a02e304421e79b5c51da2cf224
90500,3867017931,3.0268419444956742,0.0002169692256681017,0.7828423380851746,1.0774430148303509,41517.74097031336,32875869184,48010100736,450m_rms_block/train.jsonl,90500,a1aab67b433bce499233f5d3033414b2add0c6a02e304421e79b5c51da2cf224
91000,3888341131,3.111803862847222,0.00021611459169140296,0.7405948042869568,1.088401447981596,41345.03871108495,32875869184,48010100736,450m_rms_block/train.jsonl,91000,a1aab67b433bce499233f5d3033414b2add0c6a02e304421e79b5c51da2cf224
91500,3909773785,3.0905574893487704,0.00021525755964827174,0.7461081147193909,1.0676182694733143,39682.722946377005,32875869184,48010100736,450m_rms_block/train.jsonl,91500,a1aab67b433bce499233f5d3033414b2add0c6a02e304421e79b5c51da2cf224
92000,3931252072,3.041467837148343,0.00021439816974679155,0.7188661098480225,1.0884123109281063,42586.802386013915,32875869184,48010100736,450m_rms_block/train.jsonl,92000,a1aab67b433bce499233f5d3033414b2add0c6a02e304421e79b5c51da2cf224
92500,3952779318,2.905202734006308,0.00021353646230566617,0.7338943481445312,1.0657391175627708,40759.506040596745,32875869184,48010100736,450m_rms_block/train.jsonl,92500,a1aab67b433bce499233f5d3033414b2add0c6a02e304421e79b5c51da2cf224
93000,3974127161,3.025355708746935,0.00021267247775232773,0.8631046414375305,1.0679393112659454,39336.50494633645,32875869184,48010100736,450m_rms_block/train.jsonl,93000,a1aab67b433bce499233f5d3033414b2add0c6a02e304421e79b5c51da2cf224
93500,3995459070,2.8302533578849105,0.00021180625662104024,0.7791101336479187,1.0629665814340115,36154.476228362764,32875869184,48010100736,450m_rms_block/train.jsonl,93500,a1aab67b433bce499233f5d3033414b2add0c6a02e304421e79b5c51da2cf224
94000,4016942820,2.9430510905626233,0.0002109378395509979,0.7237358093261719,1.0792070254683495,42243.9800002368,32875869184,48010100736,450m_rms_block/train.jsonl,94000,a1aab67b433bce499233f5d3033414b2add0c6a02e304421e79b5c51da2cf224
94500,4038337334,2.9263019367093537,0.0002100672672844185,0.7601680755615234,1.0653640106320381,39177.21978916718,32875869184,48010100736,450m_rms_block/train.jsonl,94500,a1aab67b433bce499233f5d3033414b2add0c6a02e304421e79b5c51da2cf224
95000,4059801485,2.989164810889431,0.00020919458066463189,0.7366371154785156,1.1289748139679432,37947.702171871904,32875869184,48010100736,450m_rms_block/train.jsonl,95000,a1aab67b433bce499233f5d3033414b2add0c6a02e304421e79b5c51da2cf224
95500,4081139258,2.965561587222956,0.00020831982063416384,0.7356275320053101,1.0926818205043674,43645.82544073669,35078685696,50474254336,450m_rms_block/train.jsonl,95500,a1aab67b433bce499233f5d3033414b2add0c6a02e304421e79b5c51da2cf224
96000,4102465851,2.9923970983715025,0.00020744302823281525,0.7693820595741272,1.1515171900391579,40688.05954899096,35078685696,50528780288,450m_rms_block/train.jsonl,96000,a1aab67b433bce499233f5d3033414b2add0c6a02e304421e79b5c51da2cf224
96500,4123844411,2.985925967188897,0.00020656424459573677,0.7711729407310486,1.1790629802271724,38896.14106208633,35078685696,50528780288,450m_rms_block/train.jsonl,96500,a1aab67b433bce499233f5d3033414b2add0c6a02e304421e79b5c51da2cf224
97000,4145218260,3.037947701803411,0.00020568351095149868,0.7494509816169739,1.0809536473825574,40140.48160627924,35078685696,50528780288,450m_rms_block/train.jsonl,97000,a1aab67b433bce499233f5d3033414b2add0c6a02e304421e79b5c51da2cf224
97500,4166601512,2.911531994520564,0.00020480086862015697,0.7329318523406982,1.073493449948728,39568.94194559713,35078685696,50528780288,450m_rms_block/train.jsonl,97500,a1aab67b433bce499233f5d3033414b2add0c6a02e304421e79b5c51da2cf224
98000,4187916485,2.8748157467787143,0.00020391635901131463,0.7649215459823608,1.0802642675116658,44254.91191162049,35078685696,50528780288,450m_rms_block/train.jsonl,98000,a1aab67b433bce499233f5d3033414b2add0c6a02e304421e79b5c51da2cf224
98500,4209250012,2.9840533713990895,0.00020303002362217877,0.8007455468177795,1.1506183976307511,40849.33814441195,35078685696,50528780288,450m_rms_block/train.jsonl,98500,a1aab67b433bce499233f5d3033414b2add0c6a02e304421e79b5c51da2cf224
99000,4230717717,2.9883440035600235,0.000202141904035614,0.722555935382843,1.1502686711028218,40018.476688465096,35078685696,50528780288,450m_rms_block/train.jsonl,99000,a1aab67b433bce499233f5d3033414b2add0c6a02e304421e79b5c51da2cf224
99500,4252119327,2.8871132152612318,0.0002012520419181915,0.7907561659812927,1.165658576413989,39966.248215939355,35078685696,50528780288,450m_rms_block/train.jsonl,99500,a1aab67b433bce499233f5d3033414b2add0c6a02e304421e79b5c51da2cf224
100000,4273452521,2.980741080113952,0.00020036047901823395,0.7431217432022095,1.088589378632605,41314.93553289472,35078685696,50528780288,450m_rms_block/train.jsonl,100000,a1aab67b433bce499233f5d3033414b2add0c6a02e304421e79b5c51da2cf224
100500,4294827966,2.8828916432658684,0.00019946725716385726,0.700364887714386,1.156460671685636,40801.214563763766,35078685696,50528780288,450m_rms_block/train.jsonl,100500,a1aab67b433bce499233f5d3033414b2add0c6a02e304421e79b5c51da2cf224
101000,4316170919,2.9919257798534145,0.0001985724182610079,0.7724325656890869,1.1016428852453828,38084.029372780664,35078685696,50528780288,450m_rms_block/train.jsonl,101000,a1aab67b433bce499233f5d3033414b2add0c6a02e304421e79b5c51da2cf224
101500,4337558267,2.8841754316360526,0.0001976760042914971,0.7903058528900146,1.070203565992415,36321.127339876104,35078685696,50528780288,450m_rms_block/train.jsonl,101500,a1aab67b433bce499233f5d3033414b2add0c6a02e304421e79b5c51da2cf224
102000,4358876205,2.8948459007664926,0.00019677805731103097,0.7315247654914856,1.0883558439090848,41685.81466613586,35078685696,50528780288,450m_rms_block/train.jsonl,102000,a1aab67b433bce499233f5d3033414b2add0c6a02e304421e79b5c51da2cf224
102500,4380211893,2.941618492886335,0.00019587861944723764,0.8058593273162842,1.068766220472753,36515.93702384885,35078685696,50528780288,450m_rms_block/train.jsonl,102500,a1aab67b433bce499233f5d3033414b2add0c6a02e304421e79b5c51da2cf224
103000,4401537298,3.0051298486181053,0.0001949777328976909,0.7652373313903809,1.0702839950099587,39705.34941952914,35078685696,50528780288,450m_rms_block/train.jsonl,103000,a1aab67b433bce499233f5d3033414b2add0c6a02e304421e79b5c51da2cf224
103500,4422874762,2.8374740160954,0.00019407543992793017,0.7466936111450195,1.0925172483548522,39615.85051876657,35078685696,50528780288,450m_rms_block/train.jsonl,103500,a1aab67b433bce499233f5d3033414b2add0c6a02e304421e79b5c51da2cf224
104000,4444206128,2.9846889164230137,0.0001931717828694779,0.8115835785865784,1.0844165859743953,37689.390340037666,35078685696,50530877440,450m_rms_block/train.jsonl,104000,a1aab67b433bce499233f5d3033414b2add0c6a02e304421e79b5c51da2cf224
104500,4465530667,3.0080570712081127,0.0001922668041178533,0.8069119453430176,1.0695222662761807,37110.02683299997,35078685696,50530877440,450m_rms_block/train.jsonl,104500,a1aab67b433bce499233f5d3033414b2add0c6a02e304421e79b5c51da2cf224
105000,4486838833,2.8467489676543223,0.0001913605461305836,0.7826107144355774,1.147604432888329,39341.953295150226,35078685696,50530877440,450m_rms_block/train.jsonl,105000,a1aab67b433bce499233f5d3033414b2add0c6a02e304421e79b5c51da2cf224
105500,4508281287,2.9491530328158952,0.00019045305142521203,0.7494486570358276,1.076335996389389,42329.71874287968,35078685696,50530877440,450m_rms_block/train.jsonl,105500,a1aab67b433bce499233f5d3033414b2add0c6a02e304421e79b5c51da2cf224
106000,4529694322,3.0860101242609694,0.0001895443625773029,0.7666671276092529,1.0635018842294812,38487.94309344894,35078685696,50530877440,450m_rms_block/train.jsonl,106000,a1aab67b433bce499233f5d3033414b2add0c6a02e304421e79b5c51da2cf224
106500,4550994566,2.903274100087292,0.00018863452221844443,0.7959616184234619,1.0710870428010821,40642.8219747259,35078685696,50530877440,450m_rms_block/train.jsonl,106500,a1aab67b433bce499233f5d3033414b2add0c6a02e304421e79b5c51da2cf224
107000,4572389903,2.995605499748704,0.00018772357303424857,0.8186440467834473,1.091569340787828,43290.882433445986,35078685696,50530877440,450m_rms_block/train.jsonl,107000,a1aab67b433bce499233f5d3033414b2add0c6a02e304421e79b5c51da2cf224
107500,4593749740,2.992868638299661,0.00018681155776234824,0.7902933359146118,1.0725636491551995,40195.283547001614,35078685696,50530877440,450m_rms_block/train.jsonl,107500,a1aab67b433bce499233f5d3033414b2add0c6a02e304421e79b5c51da2cf224
108000,4615174076,2.9120192535664198,0.00018589851919039252,0.7956621050834656,1.1404436379671097,38139.54372838057,35078685696,50530877440,450m_rms_block/train.jsonl,108000,a1aab67b433bce499233f5d3033414b2add0c6a02e304421e79b5c51da2cf224
108500,4636590707,2.8811462979270672,0.00018498450015403905,0.8159695863723755,1.0666096303611994,36996.66576855942,35078685696,50530877440,450m_rms_block/train.jsonl,108500,a1aab67b433bce499233f5d3033414b2add0c6a02e304421e79b5c51da2cf224
109000,4657913340,2.8502271466272626,0.00018406954353494449,0.7653195858001709,1.1413313280791044,38096.73749443105,35078685696,50530877440,450m_rms_block/train.jsonl,109000,a1aab67b433bce499233f5d3033414b2add0c6a02e304421e79b5c51da2cf224
109500,4679356313,2.893715556819649,0.00018315369225875255,0.7344763875007629,1.0771941309794784,43145.42631024177,35078685696,50530877440,450m_rms_block/train.jsonl,109500,a1aab67b433bce499233f5d3033414b2add0c6a02e304421e79b5c51da2cf224
110000,4700611126,2.916792851753225,0.00018223698929308035,0.779254138469696,1.1233777198940516,36645.733016569495,35078685696,50530877440,450m_rms_block/train.jsonl,110000,a1aab67b433bce499233f5d3033414b2add0c6a02e304421e79b5c51da2cf224
110500,4721927144,3.044665168313419,0.00018131947764550243,0.8344714641571045,1.1124955480918288,40097.239109417016,35078685696,50530877440,450m_rms_block/train.jsonl,110500,a1aab67b433bce499233f5d3033414b2add0c6a02e304421e79b5c51da2cf224
111000,4743335181,2.917260671533807,0.00018040120036153298,0.7595816254615784,1.222890080884099,34190.31739121833,35078685696,50530877440,450m_rms_block/train.jsonl,111000,a1aab67b433bce499233f5d3033414b2add0c6a02e304421e79b5c51da2cf224
111500,4764689895,2.879420569388152,0.00017948220052260643,0.8987707495689392,1.0717768017202616,39594.997700907734,35078685696,50530877440,450m_rms_block/train.jsonl,111500,a1aab67b433bce499233f5d3033414b2add0c6a02e304421e79b5c51da2cf224
112000,4786059647,2.974779741636616,0.0001785625212440562,0.8005430102348328,1.0786227025091648,38050.3765631164,35078685696,50530877440,450m_rms_block/train.jsonl,112000,a1aab67b433bce499233f5d3033414b2add0c6a02e304421e79b5c51da2cf224
112500,4807426008,2.900413333766696,0.00017764220567309207,0.7495238184928894,1.103626810014248,41381.74207584754,35078685696,50530877440,450m_rms_block/train.jsonl,112500,a1aab67b433bce499233f5d3033414b2add0c6a02e304421e79b5c51da2cf224
113000,4828813495,2.896619726664268,0.00017672129698677563,0.7834064364433289,1.064109781756997,37874.851534071975,35078685696,50530877440,450m_rms_block/train.jsonl,113000,a1aab67b433bce499233f5d3033414b2add0c6a02e304421e79b5c51da2cf224
113500,4850192237,2.9463959866694833,0.00017579983838999494,0.8243266940116882,1.0794447232037783,41662.161140149605,35078685696,50530877440,450m_rms_block/train.jsonl,113500,a1aab67b433bce499233f5d3033414b2add0c6a02e304421e79b5c51da2cf224
114000,4871545247,3.0344130290243845,0.00017487787311343725,0.8408041000366211,1.0640060426667333,40816.49751833485,35078685696,50530877440,450m_rms_block/train.jsonl,114000,a1aab67b433bce499233f5d3033414b2add0c6a02e304421e79b5c51da2cf224
114500,4892899774,2.872502654984734,0.00017395544441156096,0.7814793586730957,1.0887375306338072,41514.137915029016,35078685696,50530877440,450m_rms_block/train.jsonl,114500,a1aab67b433bce499233f5d3033414b2add0c6a02e304421e79b5c51da2cf224
115000,4914267573,2.9862048654638254,0.00017303259556056638,0.8445712327957153,1.0813586479052901,38729.0563414147,35078685696,50530877440,450m_rms_block/train.jsonl,115000,a1aab67b433bce499233f5d3033414b2add0c6a02e304421e79b5c51da2cf224
115500,4935648385,2.989799317038408,0.0001721093698563653,0.8553873896598816,1.0726180151104927,41046.2992228083,35078685696,50530877440,450m_rms_block/train.jsonl,115500,a1aab67b433bce499233f5d3033414b2add0c6a02e304421e79b5c51da2cf224
116000,4957006575,2.907407028709555,0.00017118581061254974,0.7819777131080627,1.0693565541878343,40548.68306570791,35078685696,50530877440,450m_rms_block/train.jsonl,116000,a1aab67b433bce499233f5d3033414b2add0c6a02e304421e79b5c51da2cf224
116500,4978284735,2.847596818687272,0.0001702619611583598,0.8027846217155457,1.0684596579521894,41031.02973866489,35078685696,50530877440,450m_rms_block/train.jsonl,116500,a1aab67b433bce499233f5d3033414b2add0c6a02e304421e79b5c51da2cf224
117000,4999726157,2.956124774630685,0.00016933786483665111,0.8124158978462219,1.07986119389534,39806.04196446946,35078685696,50530877440,450m_rms_block/train.jsonl,117000,a1aab67b433bce499233f5d3033414b2add0c6a02e304421e79b5c51da2cf224
117500,5021114914,2.8410403247021545,0.00016841356500186118,0.8704394102096558,1.1263237847015262,37335.622821055586,35078685696,50530877440,450m_rms_block/train.jsonl,117500,a1aab67b433bce499233f5d3033414b2add0c6a02e304421e79b5c51da2cf224
118000,5042459440,2.8778411545523275,0.00016748910501797532,0.8227097392082214,1.0692671118304133,43296.01040543593,35078685696,50530877440,450m_rms_block/train.jsonl,118000,a1aab67b433bce499233f5d3033414b2add0c6a02e304421e79b5c51da2cf224
118500,5063838353,2.8688178594483253,0.0001665645282564925,0.8338920474052429,1.075986442156136,43371.36433288643,35078685696,50530877440,450m_rms_block/train.jsonl,118500,a1aab67b433bce499233f5d3033414b2add0c6a02e304421e79b5c51da2cf224
119000,5085123807,2.87129017836064,0.00016563987809439015,0.7909734845161438,1.1520209405571222,36768.42886164508,35078685696,50530877440,450m_rms_block/train.jsonl,119000,a1aab67b433bce499233f5d3033414b2add0c6a02e304421e79b5c51da2cf224
119500,5106518994,2.88629813824972,0.0001647151979120895,0.7624184489250183,1.0754549922421575,42369.97394470209,35078685696,50530877440,450m_rms_block/train.jsonl,119500,a1aab67b433bce499233f5d3033414b2add0c6a02e304421e79b5c51da2cf224
120000,5127813598,2.906912716960314,0.00016379053109142014,0.8323871493339539,1.0721645150333643,40047.02580430379,35078685696,50530877440,450m_rms_block/train.jsonl,120000,a1aab67b433bce499233f5d3033414b2add0c6a02e304421e79b5c51da2cf224
120500,5149093538,2.814869524849885,0.00016286592101358475,0.8158063292503357,1.0777807869017124,41565.96642326805,35078685696,50530877440,450m_rms_block/train.jsonl,120500,a1aab67b433bce499233f5d3033414b2add0c6a02e304421e79b5c51da2cf224
121000,5170448336,3.0466084790776193,0.00016194141105712394,0.8514215350151062,1.069605564698577,41121.700794811244,35078685696,50530877440,450m_rms_block/train.jsonl,121000,a1aab67b433bce499233f5d3033414b2add0c6a02e304421e79b5c51da2cf224
121500,5191928684,2.9748613924481293,0.0001610170445958811,0.8481987118721008,1.0866857077926397,43952.910816338896,35078685696,50530877440,450m_rms_block/train.jsonl,121500,a1aab67b433bce499233f5d3033414b2add0c6a02e304421e79b5c51da2cf224
122000,5213293916,2.957626138804901,0.00016009286499696742,0.8145298361778259,1.07101075258106,41071.483077076526,35078685696,50530877440,450m_rms_block/train.jsonl,122000,a1aab67b433bce499233f5d3033414b2add0c6a02e304421e79b5c51da2cf224
122500,5234577114,2.9251406115530436,0.0001591689156187273,0.864024817943573,1.0759352939203382,39958.722650828095,35078685696,50530877440,450m_rms_block/train.jsonl,122500,a1aab67b433bce499233f5d3033414b2add0c6a02e304421e79b5c51da2cf224
123000,5255894565,2.8854969935577284,0.00015824523980870436,0.803425133228302,1.0650054840371013,40044.86421829006,35078685696,50530877440,450m_rms_block/train.jsonl,123000,a1aab67b433bce499233f5d3033414b2add0c6a02e304421e79b5c51da2cf224
123500,5277276299,2.8180169033206055,0.0001573218809016075,0.8338863253593445,1.0682243034243584,40574.81173294532,35078685696,50530877440,450m_rms_block/train.jsonl,123500,a1aab67b433bce499233f5d3033414b2add0c6a02e304421e79b5c51da2cf224
124000,5298716978,2.9048659688094483,0.0001563988822172781,0.8252108097076416,1.0636778343468904,38547.38594339109,35078685696,50530877440,450m_rms_block/train.jsonl,124000,a1aab67b433bce499233f5d3033414b2add0c6a02e304421e79b5c51da2cf224
124500,5320002938,2.9119926887731635,0.0001554762870586574,0.8139411211013794,1.0920915408059955,40815.259833532895,35078685696,50530877440,450m_rms_block/train.jsonl,124500,a1aab67b433bce499233f5d3033414b2add0c6a02e304421e79b5c51da2cf224
125000,5341377243,2.965098862139952,0.000154554138709755,0.8679649829864502,1.0744059914723039,41878.024096219735,35078685696,50530877440,450m_rms_block/train.jsonl,125000,a1aab67b433bce499233f5d3033414b2add0c6a02e304421e79b5c51da2cf224
125500,5362821934,2.9624331885588377,0.00015363248043361835,0.8884866237640381,1.0766566339880228,40624.83675783172,35078685696,50530877440,450m_rms_block/train.jsonl,125500,a1aab67b433bce499233f5d3033414b2add0c6a02e304421e79b5c51da2cf224
126000,5384137572,2.89015124762695,0.00015271135547030275,0.8506454825401306,1.0679153138771653,36253.81104372217,35078685696,50530877440,450m_rms_block/train.jsonl,126000,a1aab67b433bce499233f5d3033414b2add0c6a02e304421e79b5c51da2cf224
126500,5405564431,2.877596216808165,0.00015179080703484293,0.8201267719268799,1.0720955599099398,38727.89101326736,35078685696,50530877440,450m_rms_block/train.jsonl,126500,a1aab67b433bce499233f5d3033414b2add0c6a02e304421e79b5c51da2cf224
127000,5426968153,2.8158053784604853,0.00015087087831522553,0.8060975074768066,1.0741034056991339,43517.22539188453,35078685696,50530877440,450m_rms_block/train.jsonl,127000,a1aab67b433bce499233f5d3033414b2add0c6a02e304421e79b5c51da2cf224
127500,5448414488,2.9233058858399135,0.00014995161247036292,0.7943829298019409,1.1595580987632275,37461.68479727888,35078685696,50530877440,450m_rms_block/train.jsonl,127500,a1aab67b433bce499233f5d3033414b2add0c6a02e304421e79b5c51da2cf224
128000,5469765916,2.97718336656425,0.00014903305262806832,0.8314424753189087,1.072295393794775,42796.975782573405,35078685696,50530877440,450m_rms_block/train.jsonl,128000,a1aab67b433bce499233f5d3033414b2add0c6a02e304421e79b5c51da2cf224
128500,5491069247,2.8685722288782394,0.00014811524188303255,0.8812415599822998,1.0634501818567514,39733.87820219661,35078685696,50530877440,450m_rms_block/train.jsonl,128500,a1aab67b433bce499233f5d3033414b2add0c6a02e304421e79b5c51da2cf224
129000,5512465881,2.9194401865770043,0.00014719822329480213,0.8614092469215393,1.087747267447412,34861.03908032412,35078685696,50530877440,450m_rms_block/train.jsonl,129000,a1aab67b433bce499233f5d3033414b2add0c6a02e304421e79b5c51da2cf224
129500,5533833103,2.801874690138354,0.00014628203988575913,0.8240702152252197,1.078500903211534,39975.8589646204,35078685696,50530877440,450m_rms_block/train.jsonl,129500,a1aab67b433bce499233f5d3033414b2add0c6a02e304421e79b5c51da2cf224
130000,5555161273,2.9251375015320504,0.00014536673463910282,0.8370471596717834,1.0668268352746964,38239.57051989204,35078685696,50530877440,450m_rms_block/train.jsonl,130000,a1aab67b433bce499233f5d3033414b2add0c6a02e304421e79b5c51da2cf224
130500,5576495222,2.8382144130228135,0.00014445235049683305,0.769672691822052,1.082329566590488,43738.98806915957,35078685696,50530877440,450m_rms_block/train.jsonl,130500,a1aab67b433bce499233f5d3033414b2add0c6a02e304421e79b5c51da2cf224
131000,5597757286,2.8524974673826136,0.00014353893035773553,0.8916937708854675,1.0581487324088812,39005.85875677375,35078685696,50530877440,450m_rms_block/train.jsonl,131000,a1aab67b433bce499233f5d3033414b2add0c6a02e304421e79b5c51da2cf224
131500,5619118922,2.961880318954376,0.00014262651707536936,0.9439073801040649,1.0608528526499867,38656.63357322406,35078685696,50530877440,450m_rms_block/train.jsonl,131500,a1aab67b433bce499233f5d3033414b2add0c6a02e304421e79b5c51da2cf224
132000,5640456433,2.9145869260130457,0.0001417151534560564,0.8223691582679749,1.0792113086208701,40131.158424707464,35078685696,50530877440,450m_rms_block/train.jsonl,132000,a1aab67b433bce499233f5d3033414b2add0c6a02e304421e79b5c51da2cf224
132500,5661771798,2.7549026137471153,0.0001408048822568731,0.8137264847755432,1.1725639151409268,38064.449556795116,35078685696,50530877440,450m_rms_block/train.jsonl,132500,a1aab67b433bce499233f5d3033414b2add0c6a02e304421e79b5c51da2cf224
133000,5683124283,2.9515057966415106,0.0001398957461836444,0.8906038999557495,1.074804412201047,43334.39598058493,35078685696,50530877440,450m_rms_block/train.jsonl,133000,a1aab67b433bce499233f5d3033414b2add0c6a02e304421e79b5c51da2cf224
133500,5704457310,2.767581150721262,0.00013898778788894037,0.8123623132705688,1.070981690660119,41588.01255747608,35078685696,50530877440,450m_rms_block/train.jsonl,133500,a1aab67b433bce499233f5d3033414b2add0c6a02e304421e79b5c51da2cf224
134000,5725909077,2.8961915872625115,0.0001380810499700749,0.9296529293060303,1.1226998809725046,38443.04317785619,35078685696,50530877440,450m_rms_block/train.jsonl,134000,a1aab67b433bce499233f5d3033414b2add0c6a02e304421e79b5c51da2cf224
134500,5747303228,2.941897433677897,0.00013717557496710736,0.9754246473312378,1.0709919333457947,39270.13704819437,35078685696,50530877440,450m_rms_block/train.jsonl,134500,a1aab67b433bce499233f5d3033414b2add0c6a02e304421e79b5c51da2cf224
135000,5768617221,2.830147281590834,0.00013627140536084687,0.8407196998596191,1.0790148293599486,42061.516454710385,35078685696,50530877440,450m_rms_block/train.jsonl,135000,a1aab67b433bce499233f5d3033414b2add0c6a02e304421e79b5c51da2cf224
135500,5790010009,2.869826308069418,0.00013536858357085909,0.8948713541030884,1.0811227289959788,38348.09766556504,35078685696,50530877440,450m_rms_block/train.jsonl,135500,a1aab67b433bce499233f5d3033414b2add0c6a02e304421e79b5c51da2cf224
136000,5811382010,2.8836533021888875,0.00013446715195347632,0.8150606155395508,1.0785034652799368,40718.45980448603,35078685696,50530877440,450m_rms_block/train.jsonl,136000,a1aab67b433bce499233f5d3033414b2add0c6a02e304421e79b5c51da2cf224
136500,5832783009,2.8195857080107816,0.00013356715279981018,0.8887861371040344,1.0751925623044372,39767.76021251272,35078685696,50530877440,450m_rms_block/train.jsonl,136500,a1aab67b433bce499233f5d3033414b2add0c6a02e304421e79b5c51da2cf224
137000,5854235517,2.905079788561352,0.00013266862833376757,0.8593633770942688,1.0762995583936572,41887.96664312158,35078685696,50530877440,450m_rms_block/train.jsonl,137000,a1aab67b433bce499233f5d3033414b2add0c6a02e304421e79b5c51da2cf224
137500,5875652158,2.9015717286440834,0.00013177162071006962,0.8998822569847107,1.0632059425115585,36108.714657210105,35078685696,50530877440,450m_rms_block/train.jsonl,137500,a1aab67b433bce499233f5d3033414b2add0c6a02e304421e79b5c51da2cf224
138000,5897115095,2.955125134866877,0.00013087617201227412,0.8988181948661804,1.0615627514198422,36124.10095277879,35078685696,50530877440,450m_rms_block/train.jsonl,138000,a1aab67b433bce499233f5d3033414b2add0c6a02e304421e79b5c51da2cf224
138500,5918384119,2.838660604175969,0.00012998232425080107,0.8439518809318542,1.0844369661062956,43369.04907333273,35078685696,50530877440,450m_rms_block/train.jsonl,138500,a1aab67b433bce499233f5d3033414b2add0c6a02e304421e79b5c51da2cf224
139000,5939734208,2.9469336613263706,0.0001290901193609617,0.8329819440841675,1.0919125294312835,42616.0509617345,35078685696,50530877440,450m_rms_block/train.jsonl,139000,a1aab67b433bce499233f5d3033414b2add0c6a02e304421e79b5c51da2cf224
139500,5961153266,2.880918100544839,0.0001281995992009911,0.8839634656906128,1.0617877328768373,39498.478557827475,35078685696,50530877440,450m_rms_block/train.jsonl,139500,a1aab67b433bce499233f5d3033414b2add0c6a02e304421e79b5c51da2cf224
140000,5982536436,2.8195186388362483,0.00012731080555008456,0.8651670217514038,1.0700865192338824,40929.400765983606,35078685696,50530877440,450m_rms_block/train.jsonl,140000,a1aab67b433bce499233f5d3033414b2add0c6a02e304421e79b5c51da2cf224
140500,6003875030,2.7168624219893958,0.00012642378010643715,0.8944965600967407,1.1082306392490864,38206.84837651668,35078685696,50530877440,450m_rms_block/train.jsonl,140500,a1aab67b433bce499233f5d3033414b2add0c6a02e304421e79b5c51da2cf224
141000,6025259670,2.908003314382958,0.00012553856448528774,0.8333253264427185,1.0899643311277032,39558.17522522973,35078685696,50530877440,450m_rms_block/train.jsonl,141000,a1aab67b433bce499233f5d3033414b2add0c6a02e304421e79b5c51da2cf224
141500,6046569792,2.7780433395296713,0.00012465520021696642,0.9039168357849121,1.0656239408999681,39565.55251976815,35078685696,50530877440,450m_rms_block/train.jsonl,141500,a1aab67b433bce499233f5d3033414b2add0c6a02e304421e79b5c51da2cf224
142000,6067883173,2.8960496286689654,0.00012377372874494618,0.8953259587287903,1.0634708143770695,37770.6651249555,35078685696,50530877440,450m_rms_block/train.jsonl,142000,a1aab67b433bce499233f5d3033414b2add0c6a02e304421e79b5c51da2cf224
142500,6089381648,2.8597452182962435,0.00012289419142389853,0.8811622858047485,1.0801395503804088,41061.36099208653,35078685696,50530877440,450m_rms_block/train.jsonl,142500,a1aab67b433bce499233f5d3033414b2add0c6a02e304421e79b5c51da2cf224
143000,6110640391,2.887440806063805,0.0001220166295177533,0.8981236815452576,1.0663833525031805,39976.242971096886,35078685696,50530877440,450m_rms_block/train.jsonl,143000,a1aab67b433bce499233f5d3033414b2add0c6a02e304421e79b5c51da2cf224
143500,6131849514,2.8870002681210885,0.00012114108419776277,0.9068105816841125,1.1046131225302815,39198.33932519031,35078685696,50530877440,450m_rms_block/train.jsonl,143500,a1aab67b433bce499233f5d3033414b2add0c6a02e304421e79b5c51da2cf224
144000,6153303070,2.8981760488705164,0.00012026759654057005,0.8697396516799927,1.0888319676741958,38379.65934198605,35078685696,50530877440,450m_rms_block/train.jsonl,144000,a1aab67b433bce499233f5d3033414b2add0c6a02e304421e79b5c51da2cf224
144500,6174633791,2.856081702988825,0.0001193962075262821,0.8479722142219543,1.162288342602551,40574.26911329369,35078685696,50530877440,450m_rms_block/train.jsonl,144500,a1aab67b433bce499233f5d3033414b2add0c6a02e304421e79b5c51da2cf224
145000,6196049750,2.7406985035593032,0.00011852695803654679,0.9321276545524597,1.07136738486588,37664.01756298704,35078685696,50530877440,450m_rms_block/train.jsonl,145000,a1aab67b433bce499233f5d3033414b2add0c6a02e304421e79b5c51da2cf224
145500,6217429953,2.7711925365780528,0.00011765988885263534,0.8946831226348877,1.088264212012291,39456.41097634022,35078685696,50530877440,450m_rms_block/train.jsonl,145500,a1aab67b433bce499233f5d3033414b2add0c6a02e304421e79b5c51da2cf224
146000,6238836179,2.8974042492908,0.00011679504065352873,0.8973023891448975,1.0929503189399838,41122.637709269955,35078685696,50530877440,450m_rms_block/train.jsonl,146000,a1aab67b433bce499233f5d3033414b2add0c6a02e304421e79b5c51da2cf224
146500,6260101858,2.781034782645301,0.00011593245401400934,0.9520059823989868,1.1144248424097896,36636.83583337297,35078685696,50530877440,450m_rms_block/train.jsonl,146500,a1aab67b433bce499233f5d3033414b2add0c6a02e304421e79b5c51da2cf224
147000,6281494098,2.769919620734538,0.0001150721694027574,0.8782486915588379,1.0896308161318302,43891.93045198688,35078685696,50530877440,450m_rms_block/train.jsonl,147000,a1aab67b433bce499233f5d3033414b2add0c6a02e304421e79b5c51da2cf224
147500,6302840126,2.8678883321759523,0.00011421422718045235,0.9929015636444092,1.0870207659900188,40404.931878185744,35078685696,50530877440,450m_rms_block/train.jsonl,147500,a1aab67b433bce499233f5d3033414b2add0c6a02e304421e79b5c51da2cf224
148000,6324243171,2.902830575119164,0.00011335866759787926,0.9073134660720825,1.0718046184629202,38169.27012188958,35078685696,50530877440,450m_rms_block/train.jsonl,148000,a1aab67b433bce499233f5d3033414b2add0c6a02e304421e79b5c51da2cf224
148500,6345703742,2.8129217753810427,0.00011250553079404044,0.9083746075630188,1.1295006517320871,35549.33761076229,35078685696,50530877440,450m_rms_block/train.jsonl,148500,a1aab67b433bce499233f5d3033414b2add0c6a02e304421e79b5c51da2cf224
149000,6367095134,2.849796088836478,0.00011165485679427241,0.8995440602302551,1.0664338795468211,37273.7595479353,35078685696,50530877440,450m_rms_block/train.jsonl,149000,a1aab67b433bce499233f5d3033414b2add0c6a02e304421e79b5c51da2cf224
149500,6388520120,2.922007872465763,0.00011080668550836792,0.9037719964981079,1.0727439988404512,39956.41089237638,35078685696,50530877440,450m_rms_block/train.jsonl,149500,a1aab67b433bce499233f5d3033414b2add0c6a02e304421e79b5c51da2cf224
150000,6409757175,2.914428884036941,0.00010996105672870378,0.9294986724853516,1.0760234808549285,38667.371800234476,35078685696,50530877440,450m_rms_block/train.jsonl,150000,a1aab67b433bce499233f5d3033414b2add0c6a02e304421e79b5c51da2cf224
150500,6431210168,2.8029431709556407,0.00010911801012837376,0.9235994815826416,1.0646030390635133,35743.83935018036,35078685696,50530877440,450m_rms_block/train.jsonl,150500,a1aab67b433bce499233f5d3033414b2add0c6a02e304421e79b5c51da2cf224
151000,6452495565,2.9667354152069967,0.00010827758525932747,0.9948168396949768,1.107726201415062,36721.16805401666,35078685696,50530877440,450m_rms_block/train.jsonl,151000,a1aab67b433bce499233f5d3033414b2add0c6a02e304421e79b5c51da2cf224
151500,6473877168,2.820982783623794,0.00010743982155051466,0.9159539937973022,1.0819024750962853,40811.44189643383,35078685696,50530877440,450m_rms_block/train.jsonl,151500,a1aab67b433bce499233f5d3033414b2add0c6a02e304421e79b5c51da2cf224
152000,6495317289,2.8969604224718966,0.00010660475830603533,0.8936657905578613,1.0754305897280574,39042.9660463884,35078685696,50530877440,450m_rms_block/train.jsonl,152000,a1aab67b433bce499233f5d3033414b2add0c6a02e304421e79b5c51da2cf224
152500,6516705191,2.7896012960023673,0.00010577243470329611,0.876763641834259,1.0851066801697016,42820.674546702874,35078685696,50530877440,450m_rms_block/train.jsonl,152500,a1aab67b433bce499233f5d3033414b2add0c6a02e304421e79b5c51da2cf224
153000,6538030703,2.7731503108791062,0.00010494288979117168,0.9789060950279236,1.0789667703211308,34843.51977661988,35078685696,50530877440,450m_rms_block/train.jsonl,153000,a1aab67b433bce499233f5d3033414b2add0c6a02e304421e79b5c51da2cf224
153500,6559485289,2.7953722960050063,0.00010411616248817334,0.9272500872612,1.0748233692720532,39585.1087875172,35078685696,50530877440,450m_rms_block/train.jsonl,153500,a1aab67b433bce499233f5d3033414b2add0c6a02e304421e79b5c51da2cf224
154000,6580844740,2.7599504169264337,0.00010329229158062263,0.9324843883514404,1.057363479398191,37924.51770967474,35078685696,50530877440,450m_rms_block/train.jsonl,154000,a1aab67b433bce499233f5d3033414b2add0c6a02e304421e79b5c51da2cf224
154500,6602241853,2.7592549862680653,0.0001024713157208321,0.840243935585022,1.0759505601599813,41286.28363128039,35078685696,50530877440,450m_rms_block/train.jsonl,154500,a1aab67b433bce499233f5d3033414b2add0c6a02e304421e79b5c51da2cf224
155000,6623551956,2.7505712594097926,0.00010165327342529147,0.9793253540992737,1.0622991928830743,37202.32516862122,35078685696,50530877440,450m_rms_block/train.jsonl,155000,a1aab67b433bce499233f5d3033414b2add0c6a02e304421e79b5c51da2cf224
155500,6644981763,2.8509704529356084,0.00010083820307286106,0.9613040685653687,1.0644467370584607,36970.3796629128,35078685696,50530877440,450m_rms_block/train.jsonl,155500,a1aab67b433bce499233f5d3033414b2add0c6a02e304421e79b5c51da2cf224
156000,6666325503,2.958895476879532,0.00010002614290297077,0.9839226603507996,1.0720668016001582,36662.827298945995,35078685696,50530877440,450m_rms_block/train.jsonl,156000,a1aab67b433bce499233f5d3033414b2add0c6a02e304421e79b5c51da2cf224
156500,6687736019,2.7633523545506913,9.921713101382656e-05,0.904971718788147,1.0814256193116307,40934.85414944978,35078685696,50530877440,450m_rms_block/train.jsonl,156500,a1aab67b433bce499233f5d3033414b2add0c6a02e304421e79b5c51da2cf224
157000,6709138467,2.826528964309412,9.841120536062251e-05,0.92119961977005,1.0690638525411487,36652.628284887025,35078685696,50530877440,450m_rms_block/train.jsonl,157000,a1aab67b433bce499233f5d3033414b2add0c6a02e304421e79b5c51da2cf224
157500,6730410938,2.798578076087611,9.760840375376064e-05,0.8226238489151001,1.0896689463406801,45733.15608135136,35078685696,50530877440,450m_rms_block/train.jsonl,157500,a1aab67b433bce499233f5d3033414b2add0c6a02e304421e79b5c51da2cf224
158000,6751683984,2.7518079693574204,9.680876385707662e-05,0.9915002584457397,1.0605218363925815,41234.4173400048,35078685696,50530877440,450m_rms_block/train.jsonl,158000,a1aab67b433bce499233f5d3033414b2add0c6a02e304421e79b5c51da2cf224
158500,6773022082,2.8176319586824747,9.601232318607308e-05,1.0110526084899902,1.0808869330212474,36324.79845995898,35078685696,50530877440,450m_rms_block/train.jsonl,158500,a1aab67b433bce499233f5d3033414b2add0c6a02e304421e79b5c51da2cf224
159000,6794363902,2.8432946128368353,9.521911910615916e-05,0.9130419492721558,1.0677968068048358,38507.32624218762,35078685696,50530877440,450m_rms_block/train.jsonl,159000,a1aab67b433bce499233f5d3033414b2add0c6a02e304421e79b5c51da2cf224
159500,6815776753,2.7500370933692824,9.442918883089803e-05,0.9251582026481628,1.0743162157014012,38278.3014898007,35078685696,50530877440,450m_rms_block/train.jsonl,159500,a1aab67b433bce499233f5d3033414b2add0c6a02e304421e79b5c51da2cf224
160000,6837185115,2.9376614473336855,9.364256942026033e-05,0.9175389409065247,1.0740090673789382,44087.15106619644,35078685696,50530877440,450m_rms_block/train.jsonl,160000,a1aab67b433bce499233f5d3033414b2add0c6a02e304421e79b5c51da2cf224
160500,6858629355,2.8078639130733105,9.285929777888618e-05,0.9475452303886414,1.0545231755822897,38870.6487909723,35078685696,50530877440,450m_rms_block/train.jsonl,160500,a1aab67b433bce499233f5d3033414b2add0c6a02e304421e79b5c51da2cf224
161000,6880078120,2.6919934143953532,9.207941065435329e-05,0.9401902556419373,1.0613343613222241,35848.26929809429,35078685696,50530877440,450m_rms_block/train.jsonl,161000,a1aab67b433bce499233f5d3033414b2add0c6a02e304421e79b5c51da2cf224
161500,6901444786,2.9253306954513323,9.130294463545299e-05,1.023378610610962,1.0478583322837949,34423.546474439616,35078685696,50530877440,450m_rms_block/train.jsonl,161500,a1aab67b433bce499233f5d3033414b2add0c6a02e304421e79b5c51da2cf224
162000,6922901227,2.812687818613646,9.052993615047397e-05,0.9341739416122437,1.0657048365101218,40817.11793900342,35078685696,50530877440,450m_rms_block/train.jsonl,162000,a1aab67b433bce499233f5d3033414b2add0c6a02e304421e79b5c51da2cf224
162500,6944230108,2.7295910411732414,8.976042146549274e-05,0.92589271068573,1.0603635627776384,38225.56849635911,35078685696,50530877440,450m_rms_block/train.jsonl,162500,a1aab67b433bce499233f5d3033414b2add0c6a02e304421e79b5c51da2cf224
163000,6965614970,2.879505319937774,8.899443668267271e-05,1.0034825801849365,1.07050911616534,38580.708352997404,35078685696,50530877440,450m_rms_block/train.jsonl,163000,a1aab67b433bce499233f5d3033414b2add0c6a02e304421e79b5c51da2cf224
163500,6987000245,2.853885178243314,8.823201773856995e-05,0.8988243341445923,1.0732652535662055,41073.723251100004,35078685696,50530877440,450m_rms_block/train.jsonl,163500,a1aab67b433bce499233f5d3033414b2add0c6a02e304421e79b5c51da2cf224
164000,7008371063,2.915485000601399,8.747320040244763e-05,0.9850698113441467,1.0708772456273437,39788.87419074695,35078685696,50530877440,450m_rms_block/train.jsonl,164000,a1aab67b433bce499233f5d3033414b2add0c6a02e304421e79b5c51da2cf224
164500,7029672038,2.8220351365595704,8.671802027459749e-05,0.9366313815116882,1.0942459302023053,38797.49408083342,35078685696,50530877440,450m_rms_block/train.jsonl,164500,a1aab67b433bce499233f5d3033414b2add0c6a02e304421e79b5c51da2cf224
165000,7051020384,2.780317707088295,8.596651278467006e-05,0.9105353355407715,1.0858272006735206,42378.750478397524,35078685696,50530877440,450m_rms_block/train.jsonl,165000,a1aab67b433bce499233f5d3033414b2add0c6a02e304421e79b5c51da2cf224
165500,7072309262,2.806832159369288,8.521871319001203e-05,0.960890531539917,1.0723954234272242,36732.71923719027,35078685696,50530877440,450m_rms_block/train.jsonl,165500,a1aab67b433bce499233f5d3033414b2add0c6a02e304421e79b5c51da2cf224
166000,7093641044,2.7922549854276646,8.447465657401257e-05,0.8832429647445679,1.0862902253866196,43944.05738393749,35078685696,50530877440,450m_rms_block/train.jsonl,166000,a1aab67b433bce499233f5d3033414b2add0c6a02e304421e79b5c51da2cf224
166500,7115068794,2.8962839251639663,8.373437784445688e-05,0.9205714464187622,1.081814220175147,40449.64392584465,35078685696,50530877440,450m_rms_block/train.jsonl,166500,a1aab67b433bce499233f5d3033414b2add0c6a02e304421e79b5c51da2cf224
167000,7136399421,2.767988586771707,8.299791173188903e-05,0.949876070022583,1.078424846753478,40902.247507362285,35078685696,50530877440,450m_rms_block/train.jsonl,167000,a1aab67b433bce499233f5d3033414b2add0c6a02e304421e79b5c51da2cf224
167500,7157691685,2.743570215369409,8.226529278798198e-05,0.9597780704498291,1.0730954566970468,39126.062586483735,35078685696,50530877440,450m_rms_block/train.jsonl,167500,a1aab67b433bce499233f5d3033414b2add0c6a02e304421e79b5c51da2cf224
168000,7179063449,2.7437874328308083,8.153655538391717e-05,0.9891560077667236,1.079068616963923,37251.56988913146,35078685696,50530877440,450m_rms_block/train.jsonl,168000,a1aab67b433bce499233f5d3033414b2add0c6a02e304421e79b5c51da2cf224
168500,7200380840,2.787097925399793,8.081173370877136e-05,0.915992021560669,1.1167196556925774,41549.37164710676,35078685696,50530877440,450m_rms_block/train.jsonl,168500,a1aab67b433bce499233f5d3033414b2add0c6a02e304421e79b5c51da2cf224
169000,7221706259,2.8711727449033897,8.009086176791323e-05,0.980331540107727,1.0789509965106845,39620.89116025639,35078685696,50530877440,450m_rms_block/train.jsonl,169000,a1aab67b433bce499233f5d3033414b2add0c6a02e304421e79b5c51da2cf224
169500,7243113710,2.850754483487418,7.937397338140749e-05,1.0303959846496582,1.0656417673453689,37962.100622965794,35078685696,50530877440,450m_rms_block/train.jsonl,169500,a1aab67b433bce499233f5d3033414b2add0c6a02e304421e79b5c51da2cf224
170000,7264443770,2.6802568249501153,7.866110218242859e-05,1.0055564641952515,1.0922873029485345,38081.555912730306,35078685696,50530877440,450m_rms_block/train.jsonl,170000,a1aab67b433bce499233f5d3033414b2add0c6a02e304421e79b5c51da2cf224
170500,7285781234,2.9026760193507406,7.795228161568249e-05,1.05290687084198,1.0887215426191688,38501.12113990053,35078685696,50530877440,450m_rms_block/train.jsonl,170500,a1aab67b433bce499233f5d3033414b2add0c6a02e304421e79b5c51da2cf224
171000,7307205804,2.9161968763004578,7.724754493583788e-05,0.9850874543190002,1.0621512904763222,38460.622668622236,35078685696,50530877440,450m_rms_block/train.jsonl,171000,a1aab67b433bce499233f5d3033414b2add0c6a02e304421e79b5c51da2cf224
171500,7328476801,2.738209143210718,7.654692520596567e-05,0.8925119638442993,1.0885687274858356,41106.269976492826,35078685696,50530877440,450m_rms_block/train.jsonl,171500,a1aab67b433bce499233f5d3033414b2add0c6a02e304421e79b5c51da2cf224
172000,7349923779,2.840362304871908,7.585045529598828e-05,0.9941518902778625,1.0919981505721807,43645.67831458944,35078685696,50530877440,450m_rms_block/train.jsonl,172000,a1aab67b433bce499233f5d3033414b2add0c6a02e304421e79b5c51da2cf224
172500,7371259828,2.815481075965004,7.515816788113699e-05,1.0059734582901,1.1573388781398535,37158.520129489036,35078685696,50530877440,450m_rms_block/train.jsonl,172500,a1aab67b433bce499233f5d3033414b2add0c6a02e304421e79b5c51da2cf224
173000,7392722016,2.7737318866974157,7.447009544041951e-05,0.944638192653656,1.0761360507458448,41855.30256028728,35078685696,50530877440,450m_rms_block/train.jsonl,173000,a1aab67b433bce499233f5d3033414b2add0c6a02e304421e79b5c51da2cf224
173500,7414028804,2.8153857842929466,7.37862702550957e-05,1.0157169103622437,1.0761882597580552,38361.31794383384,35078685696,50530877440,450m_rms_block/train.jsonl,173500,a1aab67b433bce499233f5d3033414b2add0c6a02e304421e79b5c51da2cf224
174000,7435498802,2.777036330516642,7.310672440716356e-05,0.9799858927726746,1.105793546885252,35891.871599173406,35078685696,50530877440,450m_rms_block/train.jsonl,174000,a1aab67b433bce499233f5d3033414b2add0c6a02e304421e79b5c51da2cf224
174500,7456927921,2.8188150105779926,7.243148977785363e-05,1.0299599170684814,1.07114318292588,34420.2349300217,35078685696,50530877440,450m_rms_block/train.jsonl,174500,a1aab67b433bce499233f5d3033414b2add0c6a02e304421e79b5c51da2cf224
175000,7478322470,2.7938338778312954,7.176059804613371e-05,0.9712244868278503,1.0683221369981766,41491.23046775886,35078685696,50530877440,450m_rms_block/train.jsonl,175000,a1aab67b433bce499233f5d3033414b2add0c6a02e304421e79b5c51da2cf224
175500,7499705658,2.7606456806089064,7.109408068722221e-05,0.9614585638046265,1.0822875378653407,41372.554366020246,35078685696,50530877440,450m_rms_block/train.jsonl,175500,a1aab67b433bce499233f5d3033414b2add0c6a02e304421e79b5c51da2cf224
176000,7521141153,2.75158241255423,7.043196897111181e-05,0.9888510704040527,1.0760133927688003,38558.99961731688,35078685696,50530877440,450m_rms_block/train.jsonl,176000,a1aab67b433bce499233f5d3033414b2add0c6a02e304421e79b5c51da2cf224
176500,7542479337,2.773296857343359,6.977429396110212e-05,0.9764441847801208,1.130543775856495,36789.37595184237,35078685696,50530877440,450m_rms_block/train.jsonl,176500,a1aab67b433bce499233f5d3033414b2add0c6a02e304421e79b5c51da2cf224
177000,7563764739,2.7462606848337296,6.91210865123427e-05,0.9562406539916992,1.0841771950945258,43047.39134079546,35078685696,50530877440,450m_rms_block/train.jsonl,177000,a1aab67b433bce499233f5d3033414b2add0c6a02e304421e79b5c51da2cf224
177500,7585199118,2.86372636755664,6.847237727038502e-05,0.9571951627731323,1.076034759171307,38845.39941088047,35078685696,50530877440,450m_rms_block/train.jsonl,177500,a1aab67b433bce499233f5d3033414b2add0c6a02e304421e79b5c51da2cf224
178000,7606491878,2.8971100737366564,6.782819666974516e-05,0.9756594896316528,1.0700128441676497,42110.709460736296,35078685696,50530877440,450m_rms_block/train.jsonl,178000,a1aab67b433bce499233f5d3033414b2add0c6a02e304421e79b5c51da2cf224
178500,7627763651,2.78743519385136,6.718857493247555e-05,0.987663209438324,1.0664957696571946,43015.64179175881,35078685696,50530877440,450m_rms_block/train.jsonl,178500,a1aab67b433bce499233f5d3033414b2add0c6a02e304421e79b5c51da2cf224
179000,7649197012,2.7579901512172698,6.655354206674746e-05,0.9618614912033081,1.081570342183113,41737.46102253729,35078685696,50530877440,450m_rms_block/train.jsonl,179000,a1aab67b433bce499233f5d3033414b2add0c6a02e304421e79b5c51da2cf224
179500,7670447830,2.7686955222635143,6.592312786544281e-05,0.9447298645973206,1.1016157502308488,43173.85621078254,35078685696,50530877440,450m_rms_block/train.jsonl,179500,a1aab67b433bce499233f5d3033414b2add0c6a02e304421e79b5c51da2cf224
180000,7691888614,2.674200091323213,6.529736190475677e-05,1.0088006258010864,1.062354063615203,38072.99410364036,35078685696,50530877440,450m_rms_block/train.jsonl,180000,a1aab67b433bce499233f5d3033414b2add0c6a02e304421e79b5c51da2cf224
180500,7713181860,2.8024203156111893,6.467627354280974e-05,1.0399013757705688,1.0613648006692529,38800.98527295453,35078685696,50530877440,450m_rms_block/train.jsonl,180500,a1aab67b433bce499233f5d3033414b2add0c6a02e304421e79b5c51da2cf224
181000,7734548613,2.823019080083077,6.405989191827057e-05,1.0229448080062866,1.0555516658350825,35122.86626980927,35078685696,50530877440,450m_rms_block/train.jsonl,181000,a1aab67b433bce499233f5d3033414b2add0c6a02e304421e79b5c51da2cf224
181500,7755977795,2.7761352471533285,6.344824594898895e-05,0.9539545774459839,1.0838786773383617,40026.62005173529,35078685696,50530877440,450m_rms_block/train.jsonl,181500,a1aab67b433bce499233f5d3033414b2add0c6a02e304421e79b5c51da2cf224
182000,7777291346,2.7387935705189617,6.284136433063905e-05,0.9647947549819946,1.0788973411545157,39667.35144068797,35078685696,50530877440,450m_rms_block/train.jsonl,182000,a1aab67b433bce499233f5d3033414b2add0c6a02e304421e79b5c51da2cf224
182500,7798610356,2.7840303504594694,6.223927553537308e-05,1.007826328277588,1.1584958666935563,35459.77260777437,35078685696,50530877440,450m_rms_block/train.jsonl,182500,a1aab67b433bce499233f5d3033414b2add0c6a02e304421e79b5c51da2cf224
183000,7820048073,2.8679223281047275,6.164200781048573e-05,1.008745551109314,1.074643255211413,40881.47372344242,35078685696,50530877440,450m_rms_block/train.jsonl,183000,a1aab67b433bce499233f5d3033414b2add0c6a02e304421e79b5c51da2cf224
183500,7841384569,2.731460075601287,6.104958917708858e-05,1.0917818546295166,1.0683609824627638,41174.2853979911,35078685696,50530877440,450m_rms_block/train.jsonl,183500,a1aab67b433bce499233f5d3033414b2add0c6a02e304421e79b5c51da2cf224
184000,7862716814,2.7736594662374134,6.0462047428795834e-05,1.0291244983673096,1.0910153901204467,36228.63651413422,35078685696,50472157184,450m_rms_block/train.jsonl,184000,a1aab67b433bce499233f5d3033414b2add0c6a02e304421e79b5c51da2cf224
184500,7884041255,2.788929748646078,5.987941013042011e-05,1.0744251012802124,1.0964501211419702,37638.739058205116,35078685696,50528780288,450m_rms_block/train.jsonl,184500,a1aab67b433bce499233f5d3033414b2add0c6a02e304421e79b5c51da2cf224
185000,7905338079,2.8222234708919443,5.9301704616679416e-05,0.9839966297149658,1.0771187664940953,39402.34013203655,35078685696,50528780288,450m_rms_block/train.jsonl,185000,a1aab67b433bce499233f5d3033414b2add0c6a02e304421e79b5c51da2cf224
185500,7926751722,2.757214000745908,5.872895799091455e-05,0.9255398511886597,1.1964682657271624,39777.90415617501,35078685696,50528780288,450m_rms_block/train.jsonl,185500,a1aab67b433bce499233f5d3033414b2add0c6a02e304421e79b5c51da2cf224
186000,7948116894,2.74282000065275,5.8161197123817704e-05,1.0532130002975464,1.9071627277880907,20583.980290727417,35078685696,50528780288,450m_rms_block/train.jsonl,186000,a1aab67b433bce499233f5d3033414b2add0c6a02e304421e79b5c51da2cf224
186500,7969547706,2.843296862705019,5.759844865217162e-05,1.0667903423309326,1.1217875061556697,36251.963742549175,35078685696,50528780288,450m_rms_block/train.jsonl,186500,a1aab67b433bce499233f5d3033414b2add0c6a02e304421e79b5c51da2cf224
187000,7990924617,2.733891619492044,5.704073897760015e-05,0.9879899024963379,1.10161295812577,40790.18830393044,35078685696,50528780288,450m_rms_block/train.jsonl,187000,a1aab67b433bce499233f5d3033414b2add0c6a02e304421e79b5c51da2cf224
187500,8012290262,2.6912791643657306,5.6488094265329367e-05,0.9609873294830322,1.0899633076041937,43611.559828087105,35078685696,50528780288,450m_rms_block/train.jsonl,187500,a1aab67b433bce499233f5d3033414b2add0c6a02e304421e79b5c51da2cf224
188000,8033734023,2.7386187104781774,5.5940540442960196e-05,0.9951122403144836,1.0810449440032244,39570.04769995244,35078685696,50528780288,450m_rms_block/train.jsonl,188000,a1aab67b433bce499233f5d3033414b2add0c6a02e304421e79b5c51da2cf224
188500,8055068511,2.7283110134083746,5.5398103199251886e-05,1.0759730339050293,1.0673141032457352,34772.33167550042,35078685696,50528780288,450m_rms_block/train.jsonl,188500,a1aab67b433bce499233f5d3033414b2add0c6a02e304421e79b5c51da2cf224
189000,8076476766,2.737394676960346,5.486080798291693e-05,1.0326217412948608,1.0987367182970047,38697.168568190835,35078685696,50528780288,450m_rms_block/train.jsonl,189000,a1aab67b433bce499233f5d3033414b2add0c6a02e304421e79b5c51da2cf224
189500,8097804624,2.761494037070655,5.432868000142696e-05,0.9816080331802368,1.1134068230167031,38961.500058410566,35078685696,50528780288,450m_rms_block/train.jsonl,189500,a1aab67b433bce499233f5d3033414b2add0c6a02e304421e79b5c51da2cf224
190000,8119202127,2.776026414793371,5.3801744219830316e-05,1.039631724357605,1.0829303748905659,41427.40940712239,35078685696,50528780288,450m_rms_block/train.jsonl,190000,a1aab67b433bce499233f5d3033414b2add0c6a02e304421e79b5c51da2cf224
190500,8140637778,2.7788364006411053,5.328002535958061e-05,1.1185147762298584,1.0681204916909337,37712.97368916672,35078685696,50528780288,450m_rms_block/train.jsonl,190500,a1aab67b433bce499233f5d3033414b2add0c6a02e304421e79b5c51da2cf224
191000,8161928741,2.76924085188014,5.2763547897377115e-05,1.0612338781356812,1.0776310106739402,35992.83949312389,35078685696,50528780288,450m_rms_block/train.jsonl,191000,a1aab67b433bce499233f5d3033414b2add0c6a02e304421e79b5c51da2cf224
191500,8183351005,2.710027122291087,5.225233606401617e-05,0.9387204647064209,1.0929890312254429,43104.73266797345,35078685696,50528780288,450m_rms_block/train.jsonl,191500,a1aab67b433bce499233f5d3033414b2add0c6a02e304421e79b5c51da2cf224
192000,8204751921,2.768585206446442,5.174641384325468e-05,1.0127068758010864,1.0788769787177444,41344.84364752565,35078685696,50528780288,450m_rms_block/train.jsonl,192000,a1aab67b433bce499233f5d3033414b2add0c6a02e304421e79b5c51da2cf224
192500,8226102208,2.758261557205387,5.124580497068461e-05,1.0567677021026611,1.1348477033898234,37394.44497551472,35078685696,50528780288,450m_rms_block/train.jsonl,192500,a1aab67b433bce499233f5d3033414b2add0c6a02e304421e79b5c51da2cf224
193000,8247557088,2.808503368040006,5.075053293261967e-05,1.0529580116271973,1.0552572645246983,38089.290025502836,35078685696,50528780288,450m_rms_block/train.jsonl,193000,a1aab67b433bce499233f5d3033414b2add0c6a02e304421e79b5c51da2cf224
193500,8268904998,2.6961522440961008,5.026062096499323e-05,1.0594408512115479,1.0699845012277365,39931.419521474134,35078685696,50528780288,450m_rms_block/train.jsonl,193500,a1aab67b433bce499233f5d3033414b2add0c6a02e304421e79b5c51da2cf224
194000,8290202737,2.744720620568967,4.977609205226842e-05,0.9904589056968689,1.1008783373981714,40487.67105849496,35078685696,50528780288,450m_rms_block/train.jsonl,194000,a1aab67b433bce499233f5d3033414b2add0c6a02e304421e79b5c51da2cf224
194500,8311498693,2.8649294003485424,4.929696892635951e-05,1.0542408227920532,1.1662878906354308,40590.32112063486,35078685696,50528780288,450m_rms_block/train.jsonl,194500,a1aab67b433bce499233f5d3033414b2add0c6a02e304421e79b5c51da2cf224
195000,8332922366,2.7243045371407857,4.8823274065565804e-05,1.014943242073059,1.0702307932078838,38985.04907987229,35078685696,50528780288,450m_rms_block/train.jsonl,195000,a1aab67b433bce499233f5d3033414b2add0c6a02e304421e79b5c51da2cf224
195500,8354345113,2.7845227546651246,4.835502969351665e-05,1.1166067123413086,1.1478759469464421,33520.17271757962,35078685696,50528780288,450m_rms_block/train.jsonl,195500,a1aab67b433bce499233f5d3033414b2add0c6a02e304421e79b5c51da2cf224
196000,8375764327,2.806531977625953,4.789225777812917e-05,1.0093810558319092,1.0774219715967774,40160.68090376172,35078685696,50528780288,450m_rms_block/train.jsonl,196000,a1aab67b433bce499233f5d3033414b2add0c6a02e304421e79b5c51da2cf224
196500,8397073115,2.8199156794951548,4.743498003057736e-05,0.9799034595489502,1.0863415254279971,45502.265027128706,35078685696,50528780288,450m_rms_block/train.jsonl,196500,a1aab67b433bce499233f5d3033414b2add0c6a02e304421e79b5c51da2cf224
197000,8418339853,2.729046740446307,4.698321790427369e-05,1.0848431587219238,1.0638606799766421,38531.36108094531,35078685696,50528780288,450m_rms_block/train.jsonl,197000,a1aab67b433bce499233f5d3033414b2add0c6a02e304421e79b5c51da2cf224
197500,8439679480,2.839346812432631,4.6536992593862446e-05,0.9986343383789062,1.1726787695661187,37182.39055025508,35078685696,50528780288,450m_rms_block/train.jsonl,197500,a1aab67b433bce499233f5d3033414b2add0c6a02e304421e79b5c51da2cf224
198000,8461070943,2.7412959292034054,4.609632503422552e-05,1.065567970275879,1.067730326205492,38557.48871187981,35078685696,50528780288,450m_rms_block/train.jsonl,198000,a1aab67b433bce499233f5d3033414b2add0c6a02e304421e79b5c51da2cf224
198500,8482393364,2.677249514467916,4.56612358995001e-05,0.992389976978302,1.1226973021402955,41448.39389146851,35078685696,50528780288,450m_rms_block/train.jsonl,198500,a1aab67b433bce499233f5d3033414b2add0c6a02e304421e79b5c51da2cf224
199000,8503898951,2.756719298784275,4.523174560210886e-05,1.016741394996643,1.074779812246561,41193.55378238466,35078685696,50530877440,450m_rms_block/train.jsonl,199000,a1aab67b433bce499233f5d3033414b2add0c6a02e304421e79b5c51da2cf224
199500,8525221415,2.7658439314813887,4.480787429180218e-05,1.072278380393982,1.037024013698101,38522.73377695376,35078685696,50530877440,450m_rms_block/train.jsonl,199500,a1aab67b433bce499233f5d3033414b2add0c6a02e304421e79b5c51da2cf224
200000,8546593527,2.760854292671056,4.438964185471298e-05,1.0602751970291138,1.0759083209559321,42490.609199287406,35078685696,50530877440,450m_rms_block/train.jsonl,200000,a1aab67b433bce499233f5d3033414b2add0c6a02e304421e79b5c51da2cf224
200500,8567971765,2.8449707927135064,4.397706791242349e-05,1.0430352687835693,1.1172503614798188,36587.14412574247,35078685696,50530877440,450m_rms_block/train.jsonl,200500,a1aab67b433bce499233f5d3033414b2add0c6a02e304421e79b5c51da2cf224
201000,8589432819,2.8003239554415407,4.357017182104499e-05,1.0657316446304321,1.1266642538830638,38685.88166330853,35078685696,50530877440,450m_rms_block/train.jsonl,201000,a1aab67b433bce499233f5d3033414b2add0c6a02e304421e79b5c51da2cf224
201500,8610804188,2.7321348230654343,4.316897267030947e-05,1.0783307552337646,1.1592381969094276,33643.6464084587,35078685696,50530877440,450m_rms_block/train.jsonl,201500,a1aab67b433bce499233f5d3033414b2add0c6a02e304421e79b5c51da2cf224
202000,8632132633,2.690236206667969,4.277348928267424e-05,1.0574040412902832,1.0723600825294852,41763.024127456374,35078685696,50530877440,450m_rms_block/train.jsonl,202000,a1aab67b433bce499233f5d3033414b2add0c6a02e304421e79b5c51da2cf224
202500,8653565251,2.6856297655273753,4.238374021243857e-05,1.0370757579803467,1.0671168453991413,40496.03395009322,35078685696,50530877440,450m_rms_block/train.jsonl,202500,a1aab67b433bce499233f5d3033414b2add0c6a02e304421e79b5c51da2cf224
203000,8674962535,2.7526716366438277,4.1999743744873565e-05,1.0916979312896729,1.0727913454174995,39657.29233529853,35078685696,50530877440,450m_rms_block/train.jsonl,203000,a1aab67b433bce499233f5d3033414b2add0c6a02e304421e79b5c51da2cf224
203500,8696319036,2.6636497215608013,4.162151789536399e-05,1.013651967048645,1.0786660704761744,40589.02119788801,35078685696,50530877440,450m_rms_block/train.jsonl,203500,a1aab67b433bce499233f5d3033414b2add0c6a02e304421e79b5c51da2cf224
204000,8717658807,2.747137062461561,4.12490804085633e-05,1.026214361190796,1.1299524614587426,41730.07414765623,35078685696,50530877440,450m_rms_block/train.jsonl,204000,a1aab67b433bce499233f5d3033414b2add0c6a02e304421e79b5c51da2cf224
204500,8739051382,2.78352993223337,4.088244875756094e-05,1.0126808881759644,1.1388696637004614,37106.08978966947,35078685696,50530877440,450m_rms_block/train.jsonl,204500,a1aab67b433bce499233f5d3033414b2add0c6a02e304421e79b5c51da2cf224
205000,8760437766,2.6196826575334997,4.052164014306279e-05,1.1604266166687012,1.0645366124808788,38767.102527195864,35078685696,50530877440,450m_rms_block/train.jsonl,205000,a1aab67b433bce499233f5d3033414b2add0c6a02e304421e79b5c51da2cf224
205500,8781789284,2.795234916828455,4.016667149258398e-05,1.0393476486206055,1.0768598215654492,41374.00161817821,35078685696,50530877440,450m_rms_block/train.jsonl,205500,a1aab67b433bce499233f5d3033414b2add0c6a02e304421e79b5c51da2cf224
206000,8803160251,2.6413400834169023,3.981755945965495e-05,1.0549657344818115,1.0891107488423586,40286.07746883119,35078685696,50530877440,450m_rms_block/train.jsonl,206000,a1aab67b433bce499233f5d3033414b2add0c6a02e304421e79b5c51da2cf224
206500,8824491609,2.6953945004998126,3.9474320423039896e-05,1.0392322540283203,1.0748960943892598,37226.8540269801,35078685696,50530877440,450m_rms_block/train.jsonl,206500,a1aab67b433bce499233f5d3033414b2add0c6a02e304421e79b5c51da2cf224
207000,8845877758,2.7358395155530997,3.913697048596858e-05,1.1279736757278442,1.09577461425215,35301.05506815368,35078685696,50530877440,450m_rms_block/train.jsonl,207000,a1aab67b433bce499233f5d3033414b2add0c6a02e304421e79b5c51da2cf224
207500,8867245305,2.714740162532079,3.880552547538063e-05,1.1587291955947876,1.0532417614012957,32187.291885289553,35078685696,50530877440,450m_rms_block/train.jsonl,207500,a1aab67b433bce499233f5d3033414b2add0c6a02e304421e79b5c51da2cf224
208000,8888617434,2.6480496834501075,3.8480000941183286e-05,1.039626955986023,1.0760759823024273,40586.35330430187,35078685696,50530877440,450m_rms_block/train.jsonl,208000,a1aab67b433bce499233f5d3033414b2add0c6a02e304421e79b5c51da2cf224
208500,8909973210,2.6952247528079103,3.8160412155521505e-05,1.0553016662597656,1.1596404574811459,35931.82674094265,35078685696,50530877440,450m_rms_block/train.jsonl,208500,a1aab67b433bce499233f5d3033414b2add0c6a02e304421e79b5c51da2cf224
209000,8931340497,2.8233678169893817,3.784677411206181e-05,1.1140553951263428,1.1365914233028889,35214.941076793424,35078685696,50530877440,450m_rms_block/train.jsonl,209000,a1aab67b433bce499233f5d3033414b2add0c6a02e304421e79b5c51da2cf224
209500,8952613851,2.734345388562606,3.7539101525288584e-05,1.1018099784851074,1.1266490137204528,36648.50321365921,35078685696,50530877440,450m_rms_block/train.jsonl,209500,a1aab67b433bce499233f5d3033414b2add0c6a02e304421e79b5c51da2cf224
210000,8973994174,2.6698891993926157,3.723740882981395e-05,1.0566627979278564,1.0681465435773134,39227.76350487452,35078685696,50530877440,450m_rms_block/train.jsonl,210000,a1aab67b433bce499233f5d3033414b2add0c6a02e304421e79b5c51da2cf224
210500,8995360687,2.779944452434026,3.69417101797004e-05,1.0803759098052979,1.0656313197687268,39151.439363714155,35078685696,50530877440,450m_rms_block/train.jsonl,210500,a1aab67b433bce499233f5d3033414b2add0c6a02e304421e79b5c51da2cf224
211000,9016717697,2.7029519198427323,3.665201944779682e-05,1.0423226356506348,1.074793760664761,41146.498629325324,35078685696,50530877440,450m_rms_block/train.jsonl,211000,a1aab67b433bce499233f5d3033414b2add0c6a02e304421e79b5c51da2cf224
211500,9038055532,2.7513122282807805,3.636835022508765e-05,1.1280723810195923,1.0853731958195567,37722.5088639528,35078685696,50530877440,450m_rms_block/train.jsonl,211500,a1aab67b433bce499233f5d3033414b2add0c6a02e304421e79b5c51da2cf224
212000,9059461347,2.689611373223124,3.609071582005524e-05,1.081205129623413,1.0569231873378158,38804.14441782073,35078685696,50530877440,450m_rms_block/train.jsonl,212000,a1aab67b433bce499233f5d3033414b2add0c6a02e304421e79b5c51da2cf224
212500,9080848841,2.6839790950846205,3.581912925805544e-05,1.0499154329299927,1.0777415614575148,40844.67146322936,35078685696,50530877440,450m_rms_block/train.jsonl,212500,a1aab67b433bce499233f5d3033414b2add0c6a02e304421e79b5c51da2cf224
213000,9102226659,2.782194682679149,3.55536032807066e-05,1.1109871864318848,1.059914818033576,37918.14145457759,35078685696,50530877440,450m_rms_block/train.jsonl,213000,a1aab67b433bce499233f5d3033414b2add0c6a02e304421e79b5c51da2cf224
213500,9123611610,2.784266971657126,3.529415034529168e-05,1.0523326396942139,1.0752124199643731,40779.848879957004,35078685696,50530877440,450m_rms_block/train.jsonl,213500,a1aab67b433bce499233f5d3033414b2add0c6a02e304421e79b5c51da2cf224
214000,9144988719,2.7115259233733817,3.5040782624173926e-05,1.0001509189605713,1.0746584217995405,42404.171479614866,35078685696,50530877440,450m_rms_block/train.jsonl,214000,a1aab67b433bce499233f5d3033414b2add0c6a02e304421e79b5c51da2cf224
214500,9166400359,2.652546646035561,3.4793512004225635e-05,1.0337196588516235,1.1402981206774712,37583.15410932932,35078685696,50530877440,450m_rms_block/train.jsonl,214500,a1aab67b433bce499233f5d3033414b2add0c6a02e304421e79b5c51da2cf224
215000,9187749506,2.7226973240765706,3.4552350086270686e-05,1.0841574668884277,1.0952676562592387,37250.25546663572,35078685696,50530877440,450m_rms_block/train.jsonl,215000,a1aab67b433bce499233f5d3033414b2add0c6a02e304421e79b5c51da2cf224
215500,9209106130,2.7364981697520983,3.431730818454009e-05,1.0408211946487427,1.0684457989409566,40925.80086265696,35078685696,50530877440,450m_rms_block/train.jsonl,215500,a1aab67b433bce499233f5d3033414b2add0c6a02e304421e79b5c51da2cf224
216000,9230493953,2.642637280455472,3.408839732614134e-05,1.0491702556610107,1.1536469236016273,37434.33031067729,35078685696,50530877440,450m_rms_block/train.jsonl,216000,a1aab67b433bce499233f5d3033414b2add0c6a02e304421e79b5c51da2cf224
216500,9251694543,2.828967806516937,3.3865628250540894e-05,1.119166612625122,1.0630736611783504,37684.12431138111,35078685696,50530877440,450m_rms_block/train.jsonl,216500,a1aab67b433bce499233f5d3033414b2add0c6a02e304421e79b5c51da2cf224
217000,9273065354,2.6729023728804453,3.364901140906052e-05,1.044333815574646,1.069601098075509,43503.1340971147,35078685696,50530877440,450m_rms_block/train.jsonl,217000,a1aab67b433bce499233f5d3033414b2add0c6a02e304421e79b5c51da2cf224
217500,9294437215,2.67834366303748,3.343855696438678e-05,1.057560682296753,1.0733789689838886,39671.91572638234,35078685696,50530877440,450m_rms_block/train.jsonl,217500,a1aab67b433bce499233f5d3033414b2add0c6a02e304421e79b5c51da2cf224
218000,9315746922,2.6414256782890213,3.3234274790094414e-05,1.0559840202331543,1.117961946874857,39026.37305497115,35078685696,50530877440,450m_rms_block/train.jsonl,218000,a1aab67b433bce499233f5d3033414b2add0c6a02e304421e79b5c51da2cf224
218500,9337168165,2.7089903732245255,3.303617447018296e-05,1.1237492561340332,1.1321142427623272,36815.18916174432,35078685696,50530877440,450m_rms_block/train.jsonl,218500,a1aab67b433bce499233f5d3033414b2add0c6a02e304421e79b5c51da2cf224
219000,9358433497,2.63375981901837,3.284426529862726e-05,1.0505973100662231,1.0718263480812311,40783.65873189665,35078685696,50530877440,450m_rms_block/train.jsonl,219000,a1aab67b433bce499233f5d3033414b2add0c6a02e304421e79b5c51da2cf224
219500,9379908519,2.746255126964718,3.2658556278941284e-05,1.1218143701553345,1.0721663562580943,39283.083034794705,35078685696,50530877440,450m_rms_block/train.jsonl,219500,a1aab67b433bce499233f5d3033414b2add0c6a02e304421e79b5c51da2cf224
220000,9401252986,2.806925096069105,3.247905612375587e-05,1.1344090700149536,1.0656695337966084,36201.654243184086,35078685696,50530877440,450m_rms_block/train.jsonl,220000,a1aab67b433bce499233f5d3033414b2add0c6a02e304421e79b5c51da2cf224
220500,9422685377,2.6610561624200235,3.230577325440985e-05,1.2553378343582153,1.0513890851289034,31663.825001491645,35078685696,50530877440,450m_rms_block/train.jsonl,220500,a1aab67b433bce499233f5d3033414b2add0c6a02e304421e79b5c51da2cf224
221000,9444077545,2.70392217314331,3.2138715800555035e-05,1.0523698329925537,1.0652959095314145,39700.70627475062,35078685696,50530877440,450m_rms_block/train.jsonl,221000,a1aab67b433bce499233f5d3033414b2add0c6a02e304421e79b5c51da2cf224
221500,9465442392,2.6998130995427143,3.1977891599774746e-05,1.0723474025726318,1.07842540089041,40454.351282878764,35078685696,50530877440,450m_rms_block/train.jsonl,221500,a1aab67b433bce499233f5d3033414b2add0c6a02e304421e79b5c51da2cf224
222000,9486804861,2.8073284055687804,3.1823308197216205e-05,1.1369681358337402,1.1357884481549263,36431.08016041018,35078685696,50530877440,450m_rms_block/train.jsonl,222000,a1aab67b433bce499233f5d3033414b2add0c6a02e304421e79b5c51da2cf224
222500,9508210140,2.5693760326628405,3.167497284523641e-05,1.1776102781295776,1.1427939906716347,31180.597982544543,35078685696,50530877440,450m_rms_block/train.jsonl,222500,a1aab67b433bce499233f5d3033414b2add0c6a02e304421e79b5c51da2cf224
223000,9529550349,2.6802557916250116,3.153289250306203e-05,1.1077288389205933,1.123329953290522,38289.72945482919,35078685696,50530877440,450m_rms_block/train.jsonl,223000,a1aab67b433bce499233f5d3033414b2add0c6a02e304421e79b5c51da2cf224
223500,9550888790,2.8504488571102877,3.139707383646279e-05,1.1158651113510132,1.1298925522714853,38334.618555475456,35078685696,50530877440,450m_rms_block/train.jsonl,223500,a1aab67b433bce499233f5d3033414b2add0c6a02e304421e79b5c51da2cf224
224000,9572305392,2.6738362025837152,3.1267523217438854e-05,1.0334032773971558,1.0932737244293094,41136.99890068839,35078685696,50530877440,450m_rms_block/train.jsonl,224000,a1aab67b433bce499233f5d3033414b2add0c6a02e304421e79b5c51da2cf224
224500,9593627882,2.6944218773639617,3.114424672392176e-05,1.1558489799499512,1.13719642162323,34873.48293216779,35078685696,50530877440,450m_rms_block/train.jsonl,224500,a1aab67b433bce499233f5d3033414b2add0c6a02e304421e79b5c51da2cf224
225000,9615024594,2.7049848493348523,3.102725013948943e-05,1.125435471534729,1.0808757171034813,40197.9610721889,35078685696,50530877440,450m_rms_block/train.jsonl,225000,a1aab67b433bce499233f5d3033414b2add0c6a02e304421e79b5c51da2cf224
225500,9636352480,2.699804436984221,3.091653895309463e-05,1.1640064716339111,1.0678070671856403,38697.06548104,35078685696,50530877440,450m_rms_block/train.jsonl,225500,a1aab67b433bce499233f5d3033414b2add0c6a02e304421e79b5c51da2cf224
226000,9657685660,2.622573397255095,3.0812118358807634e-05,1.1024389266967773,1.0861950013786554,38353.15016836224,35078685696,50530877440,450m_rms_block/train.jsonl,226000,a1aab67b433bce499233f5d3033414b2add0c6a02e304421e79b5c51da2cf224
226500,9679028988,2.714680801236759,3.0713993255572404e-05,1.059756875038147,1.1636256258934736,38617.23135007148,35078685696,50530877440,450m_rms_block/train.jsonl,226500,a1aab67b433bce499233f5d3033414b2add0c6a02e304421e79b5c51da2cf224
227000,9700446526,2.7101193342776204,3.062216824697688e-05,1.1836633682250977,1.0751186879351735,41041.980290329215,35078685696,50530877440,450m_rms_block/train.jsonl,227000,a1aab67b433bce499233f5d3033414b2add0c6a02e304421e79b5c51da2cf224
227500,9721881132,2.6269526544355033,3.053664764103688e-05,1.1859945058822632,1.163513170555234,35672.99541628148,35078685696,50530877440,450m_rms_block/train.jsonl,227500,a1aab67b433bce499233f5d3033414b2add0c6a02e304421e79b5c51da2cf224
228000,9743208734,2.7415906255758644,3.0457435449994086e-05,1.106213927268982,1.1476988922804594,37826.12346496132,35078685696,50530877440,450m_rms_block/train.jsonl,228000,a1aab67b433bce499233f5d3033414b2add0c6a02e304421e79b5c51da2cf224
228500,9764582881,2.7931309063239507,3.0384535390127732e-05,1.1698213815689087,1.0712660858407617,37474.349772300506,35078685696,50530877440,450m_rms_block/train.jsonl,228500,a1aab67b433bce499233f5d3033414b2add0c6a02e304421e79b5c51da2cf224
229000,9785893469,2.7663372293332777,3.0317950881580318e-05,1.0549198389053345,1.1130634862929583,43026.29687323612,35078685696,50530877440,450m_rms_block/train.jsonl,229000,a1aab67b433bce499233f5d3033414b2add0c6a02e304421e79b5c51da2cf224
229500,9807290701,2.7398382708887987,3.0257685048197095e-05,1.1261987686157227,1.1192671451717615,36243.35814286301,35078685696,50530877440,450m_rms_block/train.jsonl,229500,a1aab67b433bce499233f5d3033414b2add0c6a02e304421e79b5c51da2cf224
230000,9828712107,2.64697548571622,3.020374071737952e-05,1.1963828802108765,1.0723012685775757,34439.94806514425,35078685696,50530877440,450m_rms_block/train.jsonl,230000,a1aab67b433bce499233f5d3033414b2add0c6a02e304421e79b5c51da2cf224
230500,9850038311,2.632758943918662,3.0156120419952666e-05,1.17729651927948,1.0747553072869778,34237.5606340454,35078685696,50530877440,450m_rms_block/train.jsonl,230500,a1aab67b433bce499233f5d3033414b2add0c6a02e304421e79b5c51da2cf224
231000,9871360857,2.69611738396957,3.0114826390046413e-05,1.115369439125061,1.0807234151288867,38891.54191684409,35078685696,50530877440,450m_rms_block/train.jsonl,231000,a1aab67b433bce499233f5d3033414b2add0c6a02e304421e79b5c51da2cf224
231500,9892708860,2.645502426442377,3.007986056499065e-05,1.157254934310913,1.1326618129387498,36817.697501253264,35078685696,50530877440,450m_rms_block/train.jsonl,231500,a1aab67b433bce499233f5d3033414b2add0c6a02e304421e79b5c51da2cf224
232000,9914108236,2.755895200131417,3.0051224585224418e-05,1.0860506296157837,1.083355301991105,41265.31703665124,35078685696,50530877440,450m_rms_block/train.jsonl,232000,a1aab67b433bce499233f5d3033414b2add0c6a02e304421e79b5c51da2cf224
232500,9935507029,2.628839697444382,3.0028919794218927e-05,1.1189852952957153,1.0656530372798443,39986.74850941183,35078685696,50530877440,450m_rms_block/train.jsonl,232500,a1aab67b433bce499233f5d3033414b2add0c6a02e304421e79b5c51da2cf224
233000,9956875805,2.6595396592683405,3.0012947238414483e-05,1.1534210443496704,1.066218071617186,38443.355155132514,35078685696,50530877440,450m_rms_block/train.jsonl,233000,a1aab67b433bce499233f5d3033414b2add0c6a02e304421e79b5c51da2cf224
233500,9978083493,2.7755268074705812,3.0003307667171515e-05,1.148515224456787,1.1374270096421242,36982.59285511004,35078685696,50530877440,450m_rms_block/train.jsonl,233500,a1aab67b433bce499233f5d3033414b2add0c6a02e304421e79b5c51da2cf224
234000,9999555456,2.59703322301498,3.0000001532735243e-05,1.0630803108215332,1.067931572906673,41193.65052600096,35078685696,50530877440,450m_rms_block/train.jsonl,234000,a1aab67b433bce499233f5d3033414b2add0c6a02e304421e79b5c51da2cf224
234011,10000000000,2.695011256002895,2.9999999999999997e-05,1.252616047859192,1.141881617717445,29758.776630388402,35078685696,50530877440,450m_rms_block/train.jsonl,234011,a1aab67b433bce499233f5d3033414b2add0c6a02e304421e79b5c51da2cf224
