step,tokens,nll,lr,grad_norm,seconds,tokens_per_second,peak_allocated,peak_reserved,source_id,source_line,source_sha256
500,21303201,6.54597704624613,3.205128205128205e-05,1.3417185544967651,1.0570381954312325,42779.9110717583,28422157312,44052774912,450m_block/train.jsonl,500,72aa5d2428d89be48173b89b46698abaf9144bf19530960cb880cbb29d638609
1000,42609447,5.6690454922925975,6.41025641025641e-05,1.362189531326294,1.1186558380723,37810.556706061994,28422157312,44109398016,450m_block/train.jsonl,1000,72aa5d2428d89be48173b89b46698abaf9144bf19530960cb880cbb29d638609
1500,64090450,5.186410416436159,9.615384615384614e-05,1.1782584190368652,1.100649282336235,41057.583669231884,28422157312,44109398016,450m_block/train.jsonl,1500,72aa5d2428d89be48173b89b46698abaf9144bf19530960cb880cbb29d638609
2000,85415664,4.879233825978578,0.0001282051282051282,0.9795255661010742,1.0402829721570015,44155.29353975387,28422157312,44109398016,450m_block/train.jsonl,2000,72aa5d2428d89be48173b89b46698abaf9144bf19530960cb880cbb29d638609
2500,106854929,4.700858976276445,0.00016025641025641023,0.8937332034111023,1.092574167996645,43219.9491651765,28422157312,44109398016,450m_block/train.jsonl,2500,72aa5d2428d89be48173b89b46698abaf9144bf19530960cb880cbb29d638609
3000,128194980,4.484558791389331,0.00019230769230769228,0.8456471562385559,1.0247279778122902,40465.373150566746,28422157312,44109398016,450m_block/train.jsonl,3000,72aa5d2428d89be48173b89b46698abaf9144bf19530960cb880cbb29d638609
3500,149575525,4.211051969851066,0.00022435897435897433,0.7847347259521484,1.0355250723659992,42016.36557248132,28422157312,44109398016,450m_block/train.jsonl,3500,72aa5d2428d89be48173b89b46698abaf9144bf19530960cb880cbb29d638609
4000,170945611,4.081776639533927,0.0002564102564102564,0.8027260303497314,1.0159906931221485,47853.784812332655,28422157312,44109398016,450m_block/train.jsonl,4000,72aa5d2428d89be48173b89b46698abaf9144bf19530960cb880cbb29d638609
4500,192354284,3.9699084480906635,0.00028846153846153843,0.7369962930679321,1.0261783078312874,40371.15156678124,28422157312,44109398016,450m_block/train.jsonl,4500,72aa5d2428d89be48173b89b46698abaf9144bf19530960cb880cbb29d638609
5000,213771378,3.868904770922885,0.0002999987109717032,0.7271444201469421,1.040365818887949,40921.18294073371,28422157312,44109398016,450m_block/train.jsonl,5000,72aa5d2428d89be48173b89b46698abaf9144bf19530960cb880cbb29d638609
5500,235146739,3.782262737638035,0.0002999915034029183,0.6317919492721558,1.0550160482525826,44548.13751681237,28422157312,44109398016,450m_block/train.jsonl,5500,72aa5d2428d89be48173b89b46698abaf9144bf19530960cb880cbb29d638609
6000,256381669,3.7818148537707144,0.000299977962640768,0.6942675113677979,1.0299224629998207,41482.73441435507,28422157312,44109398016,450m_block/train.jsonl,6000,72aa5d2428d89be48173b89b46698abaf9144bf19530960cb880cbb29d638609
6500,277568459,3.7278128905675634,0.00029995808932052365,0.708664059638977,1.007224589586258,40513.307977083896,28422157312,44109398016,450m_block/train.jsonl,6500,72aa5d2428d89be48173b89b46698abaf9144bf19530960cb880cbb29d638609
7000,298980415,3.637868506118039,0.00029993188437455213,0.6600783467292786,1.02627544850111,38442.89567447187,28422157312,44109398016,450m_block/train.jsonl,7000,72aa5d2428d89be48173b89b46698abaf9144bf19530960cb880cbb29d638609
7500,320337997,3.5077323101609,0.00029989934903227136,0.631609320640564,1.0188213028013706,38919.484595553804,28422157312,44109398016,450m_block/train.jsonl,7500,72aa5d2428d89be48173b89b46698abaf9144bf19530960cb880cbb29d638609
8000,341640042,3.6667331247734585,0.0002998604848200932,0.6450987458229065,1.0332612060010433,42721.046472691654,28422157312,44109398016,450m_block/train.jsonl,8000,72aa5d2428d89be48173b89b46698abaf9144bf19530960cb880cbb29d638609
8500,363088370,3.556417464027964,0.00029981529356135127,0.6417893171310425,1.0137959904968739,38200.97964780757,28422157312,44111495168,450m_block/train.jsonl,8500,72aa5d2428d89be48173b89b46698abaf9144bf19530960cb880cbb29d638609
9000,384465909,3.487442727155395,0.00029976377737621606,0.6688567996025085,1.0200722217559814,37977.70312116906,28422157312,44111495168,450m_block/train.jsonl,9000,72aa5d2428d89be48173b89b46698abaf9144bf19530960cb880cbb29d638609
9500,405831123,3.440650088344682,0.0002997059386815949,0.5957861542701721,1.0322526469826698,43108.63249425708,28422157312,44111495168,450m_block/train.jsonl,9500,72aa5d2428d89be48173b89b46698abaf9144bf19530960cb880cbb29d638609
10000,427174916,3.42299995988256,0.00029964178019101885,0.5799466371536255,1.0150876566767693,41438.785826349864,28422157312,44111495168,450m_block/train.jsonl,10000,72aa5d2428d89be48173b89b46698abaf9144bf19530960cb880cbb29d638609
10500,448475066,3.482065899128053,0.0002995713049145153,0.6241201162338257,1.0179400332272053,41066.26975605893,28422157312,44111495168,450m_block/train.jsonl,10500,72aa5d2428d89be48173b89b46698abaf9144bf19530960cb880cbb29d638609
11000,469869063,3.4515814141169168,0.0002994945161584668,0.6024551391601562,0.9986163824796677,41548.487214853776,28422157312,44111495168,450m_block/train.jsonl,11000,72aa5d2428d89be48173b89b46698abaf9144bf19530960cb880cbb29d638609
11500,491136895,3.399309531234485,0.000299411417525456,0.7449483871459961,1.0707371458411217,37622.679064108444,28422157312,44111495168,450m_block/train.jsonl,11500,72aa5d2428d89be48173b89b46698abaf9144bf19530960cb880cbb29d638609
12000,512579414,3.3610465851602025,0.00029932201291409653,0.7594812512397766,1.026006769388914,43347.66721518723,28422157312,44111495168,450m_block/train.jsonl,12000,72aa5d2428d89be48173b89b46698abaf9144bf19530960cb880cbb29d638609
12500,534021740,3.3883175086736435,0.00029922630651885005,0.6236827373504639,1.0130921229720116,43386.972421672195,28422157312,44111495168,450m_block/train.jsonl,12500,72aa5d2428d89be48173b89b46698abaf9144bf19530960cb880cbb29d638609
13000,555384680,3.4759484938986303,0.0002991243028298295,0.6845488548278809,1.029899038374424,43524.65467950396,28422157312,44111495168,450m_block/train.jsonl,13000,72aa5d2428d89be48173b89b46698abaf9144bf19530960cb880cbb29d638609
13500,576622592,3.424929610723429,0.0002990160066325888,0.7575244307518005,1.0314980000257492,46956.94998806677,28422157312,44111495168,450m_block/train.jsonl,13500,72aa5d2428d89be48173b89b46698abaf9144bf19530960cb880cbb29d638609
14000,597985602,3.3545879878860196,0.0002989014230078975,0.6925011277198792,1.023523472249508,44419.108337670914,28422157312,44111495168,450m_block/train.jsonl,14000,72aa5d2428d89be48173b89b46698abaf9144bf19530960cb880cbb29d638609
14500,619377368,3.333364071650305,0.0002987805573315034,0.7222223281860352,1.0020242109894753,41069.865926056205,28422157312,44111495168,450m_block/train.jsonl,14500,72aa5d2428d89be48173b89b46698abaf9144bf19530960cb880cbb29d638609
15000,640541291,3.44282462084911,0.0002986534152738796,0.68815016746521,1.0110185965895653,42057.584443485655,28422157312,44111495168,450m_block/train.jsonl,15000,72aa5d2428d89be48173b89b46698abaf9144bf19530960cb880cbb29d638609
15500,661991598,3.407186188144002,0.00029852000279995887,0.6909378170967102,1.0146770849823952,38736.46166029456,28422157312,44111495168,450m_block/train.jsonl,15500,72aa5d2428d89be48173b89b46698abaf9144bf19530960cb880cbb29d638609
16000,683395520,3.3473759479418135,0.00029838032616885354,0.6342281103134155,1.0368879735469818,42746.18004139837,28422157312,44111495168,450m_block/train.jsonl,16000,72aa5d2428d89be48173b89b46698abaf9144bf19530960cb880cbb29d638609
16500,704828557,3.3109723441562995,0.00029823439193356213,0.7390531301498413,1.0135373659431934,38702.07583663821,28422157312,44111495168,450m_block/train.jsonl,16500,72aa5d2428d89be48173b89b46698abaf9144bf19530960cb880cbb29d638609
17000,726142753,3.3003998159615024,0.00029808220694066173,0.6529125571250916,1.0132822580635548,42195.54784439764,28422157312,44111495168,450m_block/train.jsonl,17000,72aa5d2428d89be48173b89b46698abaf9144bf19530960cb880cbb29d638609
17500,747496795,3.251671175601682,0.00029792377832998674,0.7009541392326355,1.0549862496554852,41590.11552456576,28422157312,44111495168,450m_block/train.jsonl,17500,72aa5d2428d89be48173b89b46698abaf9144bf19530960cb880cbb29d638609
18000,768871355,3.3889012402934764,0.0002977591135342941,0.6136186718940735,1.0579202771186829,42483.352452992025,28422157312,44111495168,450m_block/train.jsonl,18000,72aa5d2428d89be48173b89b46698abaf9144bf19530960cb880cbb29d638609
18500,790161329,3.3352997747886066,0.00029758822027891436,0.6343929171562195,1.0118541456758976,38218.94703427627,28422157312,44111495168,450m_block/train.jsonl,18500,72aa5d2428d89be48173b89b46698abaf9144bf19530960cb880cbb29d638609
19000,811490472,3.2216668782846796,0.0002974111065813893,0.6791133880615234,1.0163393281400204,44557.9529849316,28422157312,44111495168,450m_block/train.jsonl,19000,72aa5d2428d89be48173b89b46698abaf9144bf19530960cb880cbb29d638609
19500,832860563,3.3156752729642376,0.00029722778075109616,0.7850230932235718,0.9993977062404156,39394.7271983521,28422157312,44111495168,450m_block/train.jsonl,19500,72aa5d2428d89be48173b89b46698abaf9144bf19530960cb880cbb29d638609
20000,854152666,3.3554189786071733,0.00029703825138885706,0.6483699083328247,1.014298528432846,39501.1910959828,28422157312,44111495168,450m_block/train.jsonl,20000,72aa5d2428d89be48173b89b46698abaf9144bf19530960cb880cbb29d638609
20500,875454198,3.4173152947914986,0.0002968425273865361,0.7745058536529541,1.0175221748650074,42681.133711667404,28422157312,44111495168,450m_block/train.jsonl,20500,72aa5d2428d89be48173b89b46698abaf9144bf19530960cb880cbb29d638609
21000,896791314,3.2893199711987258,0.000296640617926622,0.7054899334907532,1.0171779729425907,39809.15933802414,28422157312,44111495168,450m_block/train.jsonl,21000,72aa5d2428d89be48173b89b46698abaf9144bf19530960cb880cbb29d638609
21500,918089746,3.1980895842566417,0.00029643253248179727,0.6319368481636047,1.0197162590920925,40935.89724377447,28422157312,44111495168,450m_block/train.jsonl,21500,72aa5d2428d89be48173b89b46698abaf9144bf19530960cb880cbb29d638609
22000,939396140,3.246780141426532,0.0002962182808144938,0.726840615272522,1.0143948681652546,41086.56432320422,28422157312,44111495168,450m_block/train.jsonl,22000,72aa5d2428d89be48173b89b46698abaf9144bf19530960cb880cbb29d638609
22500,960711719,3.344285464994966,0.0002959978729764348,0.6066200137138367,1.0411997810006142,36247.606548409116,28422157312,44111495168,450m_block/train.jsonl,22500,72aa5d2428d89be48173b89b46698abaf9144bf19530960cb880cbb29d638609
23000,982100371,3.201075395823173,0.00029577131930816336,0.671159565448761,1.0185043774545193,42276.69605860165,28422157312,44111495168,450m_block/train.jsonl,23000,72aa5d2428d89be48173b89b46698abaf9144bf19530960cb880cbb29d638609
23500,1003495860,3.20248733533972,0.00029553863043855745,0.8275670409202576,1.0732357576489449,44349.99454758131,28422157312,44111495168,450m_block/train.jsonl,23500,72aa5d2428d89be48173b89b46698abaf9144bf19530960cb880cbb29d638609
24000,1024843569,3.2741726701187948,0.0002952998172843306,0.6861687898635864,1.0083585269749165,40613.53070803033,28422157312,44111495168,450m_block/train.jsonl,24000,72aa5d2428d89be48173b89b46698abaf9144bf19530960cb880cbb29d638609
24500,1046173325,3.2417951637727542,0.00029505489104952057,0.7669121026992798,1.0234250873327255,45947.67177591381,28422157312,44111495168,450m_block/train.jsonl,24500,72aa5d2428d89be48173b89b46698abaf9144bf19530960cb880cbb29d638609
25000,1067439927,3.245494177717747,0.0002948038632249632,0.8829672336578369,1.0046494826674461,37998.3274351981,28422157312,44111495168,450m_block/train.jsonl,25000,72aa5d2428d89be48173b89b46698abaf9144bf19530960cb880cbb29d638609
25500,1088704397,3.1549306736535985,0.0002945467455877534,0.7168457508087158,1.0094278492033482,36917.94319862559,28422157312,44111495168,450m_block/train.jsonl,25500,72aa5d2428d89be48173b89b46698abaf9144bf19530960cb880cbb29d638609
26000,1110028209,3.191576540436457,0.0002942835502006927,0.6552668213844299,0.9974210038781166,39050.71163386051,28422157312,44111495168,450m_block/train.jsonl,26000,72aa5d2428d89be48173b89b46698abaf9144bf19530960cb880cbb29d638609
26500,1131411351,3.160479540505777,0.00029401428941172326,0.6902915239334106,1.0210195668041706,38738.72870409562,28422157312,44111495168,450m_block/train.jsonl,26500,72aa5d2428d89be48173b89b46698abaf9144bf19530960cb880cbb29d638609
27000,1152771275,3.157492435478622,0.0002937389758533487,0.7504798769950867,1.0431519784033298,38295.47451095788,28422157312,44111495168,450m_block/train.jsonl,27000,72aa5d2428d89be48173b89b46698abaf9144bf19530960cb880cbb29d638609
27500,1174102916,3.249995907263575,0.0002934576224420411,0.7553796768188477,1.1941629275679588,36765.502417174524,28422157312,44111495168,450m_block/train.jsonl,27500,72aa5d2428d89be48173b89b46698abaf9144bf19530960cb880cbb29d638609
28000,1195543367,3.2780342678467647,0.00029317024237763547,0.8659210801124573,1.1072660274803638,41957.39672941775,28422157312,44111495168,450m_block/train.jsonl,28000,72aa5d2428d89be48173b89b46698abaf9144bf19530960cb880cbb29d638609
28500,1216901886,3.187134640425792,0.0002928768491427101,0.7515669465065002,1.0226195082068443,44026.15013569,28422157312,44111495168,450m_block/train.jsonl,28500,72aa5d2428d89be48173b89b46698abaf9144bf19530960cb880cbb29d638609
29000,1238236686,3.258865405299493,0.0002925774565019541,0.6848583221435547,1.03215292096138,43574.93844817871,28422157312,44111495168,450m_block/train.jsonl,29000,72aa5d2428d89be48173b89b46698abaf9144bf19530960cb880cbb29d638609
29500,1259563054,3.1963385302737977,0.0002922720785015219,0.7694294452667236,0.9995553083717823,40705.10121773728,28422157312,44111495168,450m_block/train.jsonl,29500,72aa5d2428d89be48173b89b46698abaf9144bf19530960cb880cbb29d638609
30000,1280762154,3.1889307315668205,0.00029196072946837385,0.7044788002967834,1.0174826942384243,37322.50210744263,28422157312,44111495168,450m_block/train.jsonl,30000,72aa5d2428d89be48173b89b46698abaf9144bf19530960cb880cbb29d638609
30500,1302157080,3.188865464901923,0.00029164342400960435,0.9929517507553101,1.0466700606048107,39647.642138555755,28422157312,44111495168,450m_block/train.jsonl,30500,72aa5d2428d89be48173b89b46698abaf9144bf19530960cb880cbb29d638609
31000,1323511648,3.1612120407465736,0.00029132017701175646,0.7829148173332214,1.0582642368972301,40951.965009291554,28422157312,44111495168,450m_block/train.jsonl,31000,72aa5d2428d89be48173b89b46698abaf9144bf19530960cb880cbb29d638609
31500,1344912441,3.2343426125528563,0.00029099100364012335,0.74722820520401,1.0938319563865662,33079.12133005258,28422157312,44111495168,450m_block/train.jsonl,31500,72aa5d2428d89be48173b89b46698abaf9144bf19530960cb880cbb29d638609
32000,1366274591,3.1783598124241097,0.00029065591933803735,0.7668629884719849,1.0506249368190765,42329.09237300763,28422157312,44111495168,450m_block/train.jsonl,32000,72aa5d2428d89be48173b89b46698abaf9144bf19530960cb880cbb29d638609
32500,1387637101,3.12104905193139,0.00029031493982614455,0.6777989864349365,1.0149735920131207,42620.81332993025,28422157312,44111495168,450m_block/train.jsonl,32500,72aa5d2428d89be48173b89b46698abaf9144bf19530960cb880cbb29d638609
33000,1409079436,3.1221526619373896,0.000289968081101668,0.7645260691642761,1.102572951465845,37924.02121275446,28422157312,44111495168,450m_block/train.jsonl,33000,72aa5d2428d89be48173b89b46698abaf9144bf19530960cb880cbb29d638609
33500,1430515149,3.0851071353801776,0.0002896153594376569,0.7226243019104004,1.0164970196783543,44934.711185334374,28422157312,44111495168,450m_block/train.jsonl,33500,72aa5d2428d89be48173b89b46698abaf9144bf19530960cb880cbb29d638609
34000,1451800085,3.188277672151959,0.0002892567913822231,0.9714697599411011,1.0060900710523129,41887.8997145065,28422157312,44111495168,450m_block/train.jsonl,34000,72aa5d2428d89be48173b89b46698abaf9144bf19530960cb880cbb29d638609
34500,1473229190,3.133870089560954,0.00028889239375776485,0.7106381058692932,1.0342049673199654,40776.249711197735,28422157312,44111495168,450m_block/train.jsonl,34500,72aa5d2428d89be48173b89b46698abaf9144bf19530960cb880cbb29d638609
35000,1494653790,3.1646972993019715,0.0002885221836601776,0.7072325944900513,1.0132842436432838,41495.76021119125,28422157312,44111495168,450m_block/train.jsonl,35000,72aa5d2428d89be48173b89b46698abaf9144bf19530960cb880cbb29d638609
35500,1516083609,3.271599170760339,0.00028814617845805164,0.8261714577674866,1.0415566451847553,38746.812462457405,28422157312,44111495168,450m_block/train.jsonl,35500,72aa5d2428d89be48173b89b46698abaf9144bf19530960cb880cbb29d638609
36000,1537389335,3.1766502914669603,0.0002877643957918577,0.725780189037323,1.0101817734539509,43579.28558686947,28422157312,44111495168,450m_block/train.jsonl,36000,72aa5d2428d89be48173b89b46698abaf9144bf19530960cb880cbb29d638609
36500,1558783388,3.1686302313726844,0.000287376853573119,0.818420946598053,1.0296431593596935,42154.41010358554,28422157312,44111495168,450m_block/train.jsonl,36500,72aa5d2428d89be48173b89b46698abaf9144bf19530960cb880cbb29d638609
37000,1580092942,3.114165410662735,0.00028698356998357096,0.6815751194953918,1.0071575455367565,39896.43941811043,28422157312,44111495168,450m_block/train.jsonl,37000,72aa5d2428d89be48173b89b46698abaf9144bf19530960cb880cbb29d638609
37500,1601552554,3.1349504261589143,0.0002865845634743084,0.7421686053276062,1.0517536029219627,41923.31728410687,28422157312,44111495168,450m_block/train.jsonl,37500,72aa5d2428d89be48173b89b46698abaf9144bf19530960cb880cbb29d638609
38000,1622922599,3.2667387572994246,0.00028617985276491967,0.8401305675506592,1.0597716085612774,44598.28855404474,28422157312,44111495168,450m_block/train.jsonl,38000,72aa5d2428d89be48173b89b46698abaf9144bf19530960cb880cbb29d638609
38500,1644279227,3.1196739261208397,0.00028576945684260856,0.82762211561203,1.0269966013729572,39201.68766496185,28422157312,44111495168,450m_block/train.jsonl,38500,72aa5d2428d89be48173b89b46698abaf9144bf19530960cb880cbb29d638609
39000,1665613913,3.097119045703515,0.0002853533949613033,0.692693293094635,1.0113981030881405,37637.00948594982,28422157312,44111495168,450m_block/train.jsonl,39000,72aa5d2428d89be48173b89b46698abaf9144bf19530960cb880cbb29d638609
39500,1686978657,3.1511551425360964,0.00028493168664075363,0.7479611039161682,1.083419319242239,36502.02585242786,28422157312,44111495168,450m_block/train.jsonl,39500,72aa5d2428d89be48173b89b46698abaf9144bf19530960cb880cbb29d638609
40000,1708339410,3.073615842501866,0.0002845043516656146,0.775598406791687,1.0015047751367092,41474.59006806037,28422157312,44111495168,450m_block/train.jsonl,40000,72aa5d2428d89be48173b89b46698abaf9144bf19530960cb880cbb29d638609
40500,1729690030,3.1603564187476136,0.00028407141008451864,0.8150033354759216,1.0027284622192383,41793.96674075575,28422157312,44111495168,450m_block/train.jsonl,40500,72aa5d2428d89be48173b89b46698abaf9144bf19530960cb880cbb29d638609
41000,1751110274,3.023125357736078,0.00028363288220913476,0.7628396153450012,1.0277701430022717,43347.240920873424,28422157312,44111495168,450m_block/train.jsonl,41000,72aa5d2428d89be48173b89b46698abaf9144bf19530960cb880cbb29d638609
41500,1772518858,3.139198663955441,0.000283188788613216,0.8256092071533203,0.9993733279407024,44103.63851797258,28422157312,44111495168,450m_block/train.jsonl,41500,72aa5d2428d89be48173b89b46698abaf9144bf19530960cb880cbb29d638609
42000,1793832899,3.1041810460769215,0.0002827391501316336,0.7707660794258118,1.0165143832564354,45030.35151687827,28422157312,44111495168,450m_block/train.jsonl,42000,72aa5d2428d89be48173b89b46698abaf9144bf19530960cb880cbb29d638609
42500,1815224018,3.0505832181543173,0.0002822839878594001,0.7102721333503723,1.021372091025114,44583.16454906965,28422157312,44111495168,450m_block/train.jsonl,42500,72aa5d2428d89be48173b89b46698abaf9144bf19530960cb880cbb29d638609
43000,1836538709,3.158875502700365,0.00028182332315067945,0.7503791451454163,0.9989801496267319,36745.47488627869,28422157312,44111495168,450m_block/train.jsonl,43000,72aa5d2428d89be48173b89b46698abaf9144bf19530960cb880cbb29d638609
43500,1857866979,2.9575981015150647,0.00028135717761778494,0.6460322141647339,1.0252455733716488,42570.28865432497,28422157312,44111495168,450m_block/train.jsonl,43500,72aa5d2428d89be48173b89b46698abaf9144bf19530960cb880cbb29d638609
44000,1879189116,3.1196964995034757,0.00028088557313016554,0.6787909865379333,1.0138417668640614,44696.32390482879,28422157312,44111495168,450m_block/train.jsonl,44000,72aa5d2428d89be48173b89b46698abaf9144bf19530960cb880cbb29d638609
44500,1900478822,3.129232886089032,0.00028040853181337985,0.6854044795036316,1.0209069848060608,42885.39568403204,28422157312,44111495168,450m_block/train.jsonl,44500,72aa5d2428d89be48173b89b46698abaf9144bf19530960cb880cbb29d638609
45000,1921915537,3.030840942952814,0.00027992607604805794,0.7377985715866089,1.004728328436613,40498.50974473352,28422157312,44111495168,450m_block/train.jsonl,45000,72aa5d2428d89be48173b89b46698abaf9144bf19530960cb880cbb29d638609
45500,1943252101,3.1838730892157865,0.00027943822846885144,0.8482959866523743,1.0146017372608185,38508.70599283847,28422157312,44111495168,450m_block/train.jsonl,45500,72aa5d2428d89be48173b89b46698abaf9144bf19530960cb880cbb29d638609
46000,1964612103,3.0857910852607304,0.0002789450119633716,0.7220970392227173,1.0235388167202473,42474.20741629018,28422157312,44111495168,450m_block/train.jsonl,46000,72aa5d2428d89be48173b89b46698abaf9144bf19530960cb880cbb29d638609
46500,1985959875,2.979810934248439,0.0002784464496711155,0.7106797099113464,1.0168023183941841,43006.39289361609,28422157312,44111495168,450m_block/train.jsonl,46500,72aa5d2428d89be48173b89b46698abaf9144bf19530960cb880cbb29d638609
47000,2007283519,3.1793208564699276,0.0002779425649823805,0.8446351289749146,1.0088290609419346,39719.31574075295,28422157312,44111495168,450m_block/train.jsonl,47000,72aa5d2428d89be48173b89b46698abaf9144bf19530960cb880cbb29d638609
47500,2028728091,3.0975695702558848,0.00027743338153716677,0.9273858070373535,1.0112188793718815,39574.023800719755,28422157312,44111495168,450m_block/train.jsonl,47500,72aa5d2428d89be48173b89b46698abaf9144bf19530960cb880cbb29d638609
48000,2050012082,2.9950741516539185,0.0002769189232240683,0.7816352248191833,1.004068624228239,37109.0173529118,28422157312,44111495168,450m_block/train.jsonl,48000,72aa5d2428d89be48173b89b46698abaf9144bf19530960cb880cbb29d638609
48500,2071437355,3.1387139783509084,0.00027639921417915204,0.7387741208076477,1.0274279974400997,39596.93535835524,28422157312,44111495168,450m_block/train.jsonl,48500,72aa5d2428d89be48173b89b46698abaf9144bf19530960cb880cbb29d638609
49000,2092911104,3.1845663525871815,0.0002758742787848259,0.8511051535606384,1.020602885633707,39869.571772506184,28422157312,44111495168,450m_block/train.jsonl,49000,72aa5d2428d89be48173b89b46698abaf9144bf19530960cb880cbb29d638609
49500,2114280257,3.088623745368416,0.0002753441416686943,0.776911735534668,1.0699366107583046,39854.69753182668,28422157312,44111495168,450m_block/train.jsonl,49500,72aa5d2428d89be48173b89b46698abaf9144bf19530960cb880cbb29d638609
50000,2135756702,3.0807233920610724,0.00027480882770240307,0.7954189777374268,1.0150798372924328,42649.84724302802,28422157312,44111495168,450m_block/train.jsonl,50000,72aa5d2428d89be48173b89b46698abaf9144bf19530960cb880cbb29d638609
50500,2157090681,3.0862182696565914,0.0002742683620004726,0.799005389213562,1.010278146713972,44143.28880126337,28422157312,44111495168,450m_block/train.jsonl,50500,72aa5d2428d89be48173b89b46698abaf9144bf19530960cb880cbb29d638609
51000,2178490718,2.986071317360554,0.00027372276991911946,0.8252225518226624,1.0198356993496418,42805.914744737,28422157312,44111495168,450m_block/train.jsonl,51000,72aa5d2428d89be48173b89b46698abaf9144bf19530960cb880cbb29d638609
51500,2199788609,3.0804546951223286,0.0002731720770550669,0.8182229399681091,1.0103139393031597,39970.74417072106,28422157312,44111495168,450m_block/train.jsonl,51500,72aa5d2428d89be48173b89b46698abaf9144bf19530960cb880cbb29d638609
52000,2221098232,3.0909027110775704,0.0002726163092443438,0.7631707787513733,1.0164173021912575,40332.843519704315,28422157312,44111495168,450m_block/train.jsonl,52000,72aa5d2428d89be48173b89b46698abaf9144bf19530960cb880cbb29d638609
52500,2242447514,3.047487139298958,0.0002720554925610728,0.7392303347587585,1.0713096596300602,39771.88072280913,28422157312,44111495168,450m_block/train.jsonl,52500,72aa5d2428d89be48173b89b46698abaf9144bf19530960cb880cbb29d638609
53000,2263948795,2.9971030172208604,0.000271489653316247,0.8257720470428467,1.0053703859448433,41788.579201600754,28422157312,44111495168,450m_block/train.jsonl,53000,72aa5d2428d89be48173b89b46698abaf9144bf19530960cb880cbb29d638609
53500,2285396437,3.1144616753648156,0.00027091881805649525,0.7261794805526733,1.026891551911831,43243.12525244409,28422157312,44111495168,450m_block/train.jsonl,53500,72aa5d2428d89be48173b89b46698abaf9144bf19530960cb880cbb29d638609
54000,2306757154,3.143820380142242,0.0002703430135628369,0.8293776512145996,1.0194941982626915,42823.19612450674,28422157312,44111495168,450m_block/train.jsonl,54000,72aa5d2428d89be48173b89b46698abaf9144bf19530960cb880cbb29d638609
54500,2328101232,3.0996034035241116,0.0002697622668494258,0.8249564170837402,1.0125523544847965,42638.7828824591,28422157312,44111495168,450m_block/train.jsonl,54500,72aa5d2428d89be48173b89b46698abaf9144bf19530960cb880cbb29d638609
55000,2349468427,2.997126309641795,0.00026917660516228187,0.9485750198364258,1.0925475805997849,38788.24204318443,28422157312,44111495168,450m_block/train.jsonl,55000,72aa5d2428d89be48173b89b46698abaf9144bf19530960cb880cbb29d638609
55500,2370920533,3.1410678680754565,0.0002685860559780139,0.8384935259819031,1.0161280632019043,41552.83327866352,28422157312,44111495168,450m_block/train.jsonl,55500,72aa5d2428d89be48173b89b46698abaf9144bf19530960cb880cbb29d638609
56000,2392346163,3.0261130907956617,0.0002679906470025299,0.750470757484436,1.0269201286137104,42241.84412331992,28422157312,44111495168,450m_block/train.jsonl,56000,72aa5d2428d89be48173b89b46698abaf9144bf19530960cb880cbb29d638609
56500,2413662706,3.142080204714903,0.0002673904061697374,0.9259973764419556,1.051102738827467,44916.63683862744,28422157312,44111495168,450m_block/train.jsonl,56500,72aa5d2428d89be48173b89b46698abaf9144bf19530960cb880cbb29d638609
57000,2435048663,3.1527011473253435,0.00026678536164023286,0.7551192045211792,1.0264859460294247,46658.21308636514,28422157312,44111495168,450m_block/train.jsonl,57000,72aa5d2428d89be48173b89b46698abaf9144bf19530960cb880cbb29d638609
57500,2456258392,3.0761967676787156,0.00026617554179998064,0.7403395175933838,1.089956060051918,38656.60419190938,28422157312,44111495168,450m_block/train.jsonl,57500,72aa5d2428d89be48173b89b46698abaf9144bf19530960cb880cbb29d638609
58000,2477680788,3.066908645303437,0.0002655609752589812,0.7522633671760559,1.0137619972229004,41496.91950895879,28422157312,44111495168,450m_block/train.jsonl,58000,72aa5d2428d89be48173b89b46698abaf9144bf19530960cb880cbb29d638609
58500,2499209144,3.0274398746697924,0.0002649416908499286,0.8333842754364014,1.0144108086824417,41422.074410441266,28422157312,44111495168,450m_block/train.jsonl,58500,72aa5d2428d89be48173b89b46698abaf9144bf19530960cb880cbb29d638609
59000,2520645394,3.029313788231383,0.0002643177176268584,0.8450222015380859,1.0138836577534676,46356.403558314734,28422157312,44111495168,450m_block/train.jsonl,59000,72aa5d2428d89be48173b89b46698abaf9144bf19530960cb880cbb29d638609
59500,2542052865,2.976460874702819,0.00026368908486378386,0.7129878401756287,1.0431699119508266,42337.30238385352,28422157312,44111495168,450m_block/train.jsonl,59500,72aa5d2428d89be48173b89b46698abaf9144bf19530960cb880cbb29d638609
60000,2563395322,3.0215624404700057,0.000263055822053323,0.9617687463760376,1.0999914556741714,39371.21490953496,28422157312,44111495168,450m_block/train.jsonl,60000,72aa5d2428d89be48173b89b46698abaf9144bf19530960cb880cbb29d638609
60500,2584899367,3.0190383409454866,0.0002624179589053148,0.8877231478691101,1.0281515531241894,44640.30605267797,28422157312,44111495168,450m_block/train.jsonl,60500,72aa5d2428d89be48173b89b46698abaf9144bf19530960cb880cbb29d638609
61000,2606245156,3.054781636503647,0.00026177552534542526,0.7528663277626038,1.0052826292812824,42144.366933197576,28422157312,44111495168,450m_block/train.jsonl,61000,72aa5d2428d89be48173b89b46698abaf9144bf19530960cb880cbb29d638609
61500,2627740187,2.9497105823443017,0.0002611285515137438,0.7594792246818542,1.016118936240673,41543.365145988806,28422157312,44111495168,450m_block/train.jsonl,61500,72aa5d2428d89be48173b89b46698abaf9144bf19530960cb880cbb29d638609
62000,2649126406,3.0763396928427023,0.00026047706776336865,0.8718894124031067,1.0744142197072506,42354.24212125485,28422157312,44111495168,450m_block/train.jsonl,62000,72aa5d2428d89be48173b89b46698abaf9144bf19530960cb880cbb29d638609
62500,2670593093,2.957302939870852,0.0002598211046589833,0.7364886999130249,1.0403441078960896,42088.958516381084,28422157312,44111495168,450m_block/train.jsonl,62500,72aa5d2428d89be48173b89b46698abaf9144bf19530960cb880cbb29d638609
63000,2691983504,3.128751632346208,0.00025916069297542225,0.8917555809020996,1.1081248708069324,43363.34402909729,28422157312,44111495168,450m_block/train.jsonl,63000,72aa5d2428d89be48173b89b46698abaf9144bf19530960cb880cbb29d638609
63500,2713293952,2.9160273498633527,0.0002584958636962273,0.7810894250869751,1.007029503583908,42512.16061459999,28422157312,44111495168,450m_block/train.jsonl,63500,72aa5d2428d89be48173b89b46698abaf9144bf19530960cb880cbb29d638609
64000,2734564113,3.0094113637968216,0.000257826648012194,0.7903278470039368,1.0705059431493282,36385.59902377544,28422157312,44111495168,450m_block/train.jsonl,64000,72aa5d2428d89be48173b89b46698abaf9144bf19530960cb880cbb29d638609
64500,2755869539,3.0827860218808194,0.00025715307731990827,0.8277002573013306,1.0769525617361069,37397.19039720234,28422157312,44111495168,450m_block/train.jsonl,64500,72aa5d2428d89be48173b89b46698abaf9144bf19530960cb880cbb29d638609
65000,2777214207,3.1386130838615176,0.0002564751832202733,0.8450444340705872,1.018286306411028,45087.515869498275,28422157312,44111495168,450m_block/train.jsonl,65000,72aa5d2428d89be48173b89b46698abaf9144bf19530960cb880cbb29d638609
65500,2798564889,3.064510381935707,0.00025579299751702717,0.7521156668663025,1.0779456347227097,36866.42324055861,28422157312,44111495168,450m_block/train.jsonl,65500,72aa5d2428d89be48173b89b46698abaf9144bf19530960cb880cbb29d638609
66000,2819970880,3.058019902462947,0.00025510655221525075,0.7354305982589722,1.0206918716430664,46073.64994912513,28422157312,44111495168,450m_block/train.jsonl,66000,72aa5d2428d89be48173b89b46698abaf9144bf19530960cb880cbb29d638609
66500,2841344825,3.0332218949947745,0.00025441587951986576,0.7959206700325012,1.0148818381130695,38653.760986537076,28422157312,44111495168,450m_block/train.jsonl,66500,72aa5d2428d89be48173b89b46698abaf9144bf19530960cb880cbb29d638609
67000,2862581539,3.0845302161248562,0.0002537210118341247,0.8115548491477966,1.0174159035086632,42706.23237769157,28422157312,44111495168,450m_block/train.jsonl,67000,72aa5d2428d89be48173b89b46698abaf9144bf19530960cb880cbb29d638609
67500,2883867646,3.026347399669938,0.0002530219817580896,0.751212477684021,1.0113553181290627,45235.33834244574,28422157312,44111495168,450m_block/train.jsonl,67500,72aa5d2428d89be48173b89b46698abaf9144bf19530960cb880cbb29d638609
68000,2905211364,3.0275164652166886,0.0002523188220871035,0.8103942275047302,1.0158805884420872,42633.94782099339,28422157312,44111495168,450m_block/train.jsonl,68000,72aa5d2428d89be48173b89b46698abaf9144bf19530960cb880cbb29d638609
68500,2926519455,3.0192793361876715,0.0002516115658102512,0.7753216028213501,1.078100610524416,40552.801448404214,28422157312,44111495168,450m_block/train.jsonl,68500,72aa5d2428d89be48173b89b46698abaf9144bf19530960cb880cbb29d638609
69000,2947875574,3.036152463116289,0.0002509002461088119,0.8775272965431213,1.006027389317751,41148.97908303854,28422157312,44111495168,450m_block/train.jsonl,69000,72aa5d2428d89be48173b89b46698abaf9144bf19530960cb880cbb29d638609
69500,2969257932,3.07248109802069,0.00025018489635470235,0.8368102312088013,1.0029508247971535,39178.39143105267,28422157312,44111495168,450m_block/train.jsonl,69500,72aa5d2428d89be48173b89b46698abaf9144bf19530960cb880cbb29d638609
70000,2990592721,3.068562110898476,0.0002494655501089112,0.9972532391548157,1.023104004561901,40348.78156661771,28422157312,44111495168,450m_block/train.jsonl,70000,72aa5d2428d89be48173b89b46698abaf9144bf19530960cb880cbb29d638609
70500,3012070319,2.9264906161937216,0.0002487422411199246,0.8076141476631165,1.0184317752718925,44948.51899900593,28422157312,44111495168,450m_block/train.jsonl,70500,72aa5d2428d89be48173b89b46698abaf9144bf19530960cb880cbb29d638609
71000,3033412245,3.041143381442022,0.0002480150033221425,0.9039021730422974,1.0813065506517887,41057.73702493435,28422157312,44111495168,450m_block/train.jsonl,71000,72aa5d2428d89be48173b89b46698abaf9144bf19530960cb880cbb29d638609
71500,3054720207,3.0299675382773286,0.0002472838708342872,0.8361315727233887,1.0496528930962086,40429.55559796693,28422157312,44111495168,450m_block/train.jsonl,71500,72aa5d2428d89be48173b89b46698abaf9144bf19530960cb880cbb29d638609
72000,3076090747,2.8680529656019083,0.00024654887795780213,0.8626497387886047,1.0230779089033604,36773.34802422536,28422157312,44111495168,450m_block/train.jsonl,72000,72aa5d2428d89be48173b89b46698abaf9144bf19530960cb880cbb29d638609
72500,3097528943,3.0203330983608003,0.00024581005917524273,0.9327034950256348,1.0699932426214218,39753.52208373695,28422157312,44111495168,450m_block/train.jsonl,72500,72aa5d2428d89be48173b89b46698abaf9144bf19530960cb880cbb29d638609
73000,3118946285,2.9840829853800477,0.0002450674491486588,0.8204715847969055,1.0826350636780262,39044.55103864188,28422157312,44111495168,450m_block/train.jsonl,73000,72aa5d2428d89be48173b89b46698abaf9144bf19530960cb880cbb29d638609
73500,3140320269,3.0841827469268304,0.00024432108271796836,0.7721613645553589,1.0227028615772724,46691.95891987049,28422157312,44111495168,450m_block/train.jsonl,73500,72aa5d2428d89be48173b89b46698abaf9144bf19530960cb880cbb29d638609
74000,3161673368,3.0363629948499913,0.00024357099489932276,0.8647542595863342,1.0096400603652,40243.05452509802,28422157312,44111495168,450m_block/train.jsonl,74000,72aa5d2428d89be48173b89b46698abaf9144bf19530960cb880cbb29d638609
74500,3183111549,3.1080033569827017,0.00024281722088346415,0.8781051635742188,1.0133667066693306,41700.600307751294,28422157312,44111495168,450m_block/train.jsonl,74500,72aa5d2428d89be48173b89b46698abaf9144bf19530960cb880cbb29d638609
75000,3204564281,3.0573562997831547,0.00024205979603407452,0.8707445859909058,1.0403729900717735,44769.52058971344,28422157312,44111495168,450m_block/train.jsonl,75000,72aa5d2428d89be48173b89b46698abaf9144bf19530960cb880cbb29d638609
75500,3225971058,3.1122976594790908,0.00024129875588611664,0.8316099047660828,1.0847593285143375,37916.24457042535,28422157312,44111495168,450m_block/train.jsonl,75500,72aa5d2428d89be48173b89b46698abaf9144bf19530960cb880cbb29d638609
76000,3247443362,3.03410503467526,0.0002405341361441665,0.8292830586433411,1.010835725814104,36571.71888164797,28422157312,44111495168,450m_block/train.jsonl,76000,72aa5d2428d89be48173b89b46698abaf9144bf19530960cb880cbb29d638609
76500,3268834770,2.9830284153136084,0.0002397659726807389,0.7435464859008789,1.102456096559763,39133.53115342064,28422157312,44111495168,450m_block/train.jsonl,76500,72aa5d2428d89be48173b89b46698abaf9144bf19530960cb880cbb29d638609
77000,3290241055,3.063267373445826,0.00023899430153460376,0.839667022228241,1.022726871073246,38534.237355710895,28422157312,44111495168,450m_block/train.jsonl,77000,72aa5d2428d89be48173b89b46698abaf9144bf19530960cb880cbb29d638609
77500,3311562045,3.0866388857049167,0.00023821915890909583,0.7742444276809692,1.0165854804217815,42373.219792719996,28422157312,44111495168,450m_block/train.jsonl,77500,72aa5d2428d89be48173b89b46698abaf9144bf19530960cb880cbb29d638609
78000,3332777773,3.1101012342188166,0.00023744058117041602,1.0570679903030396,1.0654921382665634,39623.004697795295,28422157312,44111495168,450m_block/train.jsonl,78000,72aa5d2428d89be48173b89b46698abaf9144bf19530960cb880cbb29d638609
78500,3354109678,3.128443833506213,0.00023665860484592532,0.9494830369949341,1.104797374457121,42103.648212286156,28422157312,44111495168,450m_block/train.jsonl,78500,72aa5d2428d89be48173b89b46698abaf9144bf19530960cb880cbb29d638609
79000,3375446760,2.9882400159606344,0.00023587326662243094,0.9277502298355103,1.0041656717658043,43208.009614293136,28422157312,44111495168,450m_block/train.jsonl,79000,72aa5d2428d89be48173b89b46698abaf9144bf19530960cb880cbb29d638609
79500,3396844767,3.0185028968341414,0.00023508460334446539,0.8796217441558838,1.0808208584785461,37787.9457817761,28422157312,44111495168,450m_block/train.jsonl,79500,72aa5d2428d89be48173b89b46698abaf9144bf19530960cb880cbb29d638609
80000,3418237793,2.941382301123627,0.00023429265201255765,0.8370662331581116,1.029237825423479,43342.75217843383,28422157312,44111495168,450m_block/train.jsonl,80000,72aa5d2428d89be48173b89b46698abaf9144bf19530960cb880cbb29d638609
80500,3439574312,2.9432205962091564,0.0002334974497814974,0.8053662180900574,1.0279803983867168,41263.43271386264,28422157312,44111495168,450m_block/train.jsonl,80500,72aa5d2428d89be48173b89b46698abaf9144bf19530960cb880cbb29d638609
81000,3460912604,3.0548617906800826,0.000232699033958592,0.951471209526062,1.0315858982503414,40366.972901266316,28422157312,44111495168,450m_block/train.jsonl,81000,72aa5d2428d89be48173b89b46698abaf9144bf19530960cb880cbb29d638609
81500,3482331966,3.0091140250163617,0.00023189744200191581,0.8015766739845276,1.023636844009161,43287.81272316478,28422157312,44111495168,450m_block/train.jsonl,81500,72aa5d2428d89be48173b89b46698abaf9144bf19530960cb880cbb29d638609
82000,3503713685,3.071962309225371,0.0002310927115185533,0.8768888115882874,1.0558126978576183,38197.11591064665,28422157312,44111495168,450m_block/train.jsonl,82000,72aa5d2428d89be48173b89b46698abaf9144bf19530960cb880cbb29d638609
82500,3525076114,3.1085435672861697,0.00023028488026283445,0.8779699206352234,1.170164529234171,37797.24892955543,28422157312,44111495168,450m_block/train.jsonl,82500,72aa5d2428d89be48173b89b46698abaf9144bf19530960cb880cbb29d638609
83000,3546472724,2.922840395418073,0.00022947398613456347,0.9853359460830688,1.0890215337276459,37822.02529918108,28422157312,44111495168,450m_block/train.jsonl,83000,72aa5d2428d89be48173b89b46698abaf9144bf19530960cb880cbb29d638609
83500,3567826176,2.8751179665242166,0.00022866006717724068,0.747614860534668,1.0308807715773582,47667.97611794672,28422157312,44111495168,450m_block/train.jsonl,83500,72aa5d2428d89be48173b89b46698abaf9144bf19530960cb880cbb29d638609
84000,3589232531,3.0023481634640077,0.00022784316157627792,0.8946720957756042,0.9904094897210598,35388.39274437005,28422157312,44111495168,450m_block/train.jsonl,84000,72aa5d2428d89be48173b89b46698abaf9144bf19530960cb880cbb29d638609
84500,3610435717,2.898036629852555,0.00022702330765720676,1.0166527032852173,1.0236636735498905,43131.35372567087,28422157312,44111495168,450m_block/train.jsonl,84500,72aa5d2428d89be48173b89b46698abaf9144bf19530960cb880cbb29d638609
85000,3631848066,3.0742456516067143,0.0002262005438838806,0.8581261038780212,1.0160965248942375,39370.27538221716,28422157312,44111495168,450m_block/train.jsonl,85000,72aa5d2428d89be48173b89b46698abaf9144bf19530960cb880cbb29d638609
85500,3653294669,2.969148881416415,0.00022537490885667024,0.9039179682731628,1.0124471783638,43178.54890034731,28422157312,44111495168,450m_block/train.jsonl,85500,72aa5d2428d89be48173b89b46698abaf9144bf19530960cb880cbb29d638609
86000,3674713319,2.875674013465651,0.00022454644131065252,1.0594605207443237,1.0013899505138397,41093.88153824025,28422157312,44111495168,450m_block/train.jsonl,86000,72aa5d2428d89be48173b89b46698abaf9144bf19530960cb880cbb29d638609
86500,3696122764,2.9959262374543796,0.00022371518011379354,0.7920196652412415,1.011310636997223,39014.71867946777,28422157312,44111495168,450m_block/train.jsonl,86500,72aa5d2428d89be48173b89b46698abaf9144bf19530960cb880cbb29d638609
87000,3717454822,2.9810699224499038,0.0002228811642651248,0.8388169407844543,1.0301060862839222,42874.2248862192,28422157312,44111495168,450m_block/train.jsonl,87000,72aa5d2428d89be48173b89b46698abaf9144bf19530960cb880cbb29d638609
87500,3738793156,2.994256574640223,0.00022204443289291367,1.0637165307998657,1.015228010714054,40998.67178676909,28422157312,44111495168,450m_block/train.jsonl,87500,72aa5d2428d89be48173b89b46698abaf9144bf19530960cb880cbb29d638609
88000,3760155707,2.9701013179762117,0.00022120502525282772,0.8781514763832092,1.0282760448753834,43375.512074100014,28422157312,44111495168,450m_block/train.jsonl,88000,72aa5d2428d89be48173b89b46698abaf9144bf19530960cb880cbb29d638609
88500,3781491311,3.1427338269013787,0.0002203629807260928,0.8260924816131592,1.0139268562197685,44142.237406421875,28422157312,44111495168,450m_block/train.jsonl,88500,72aa5d2428d89be48173b89b46698abaf9144bf19530960cb880cbb29d638609
89000,3802792023,3.0205983095008997,0.00021951833881764585,0.7042436003684998,1.0164742432534695,43197.356245308016,28422157312,44111495168,450m_block/train.jsonl,89000,72aa5d2428d89be48173b89b46698abaf9144bf19530960cb880cbb29d638609
89500,3824240655,2.9829111053139794,0.000218671139154281,0.7917676568031311,1.0076310560107231,39826.08491532335,28422157312,44111495168,450m_block/train.jsonl,89500,72aa5d2428d89be48173b89b46698abaf9144bf19530960cb880cbb29d638609
90000,3845625463,2.9365510444302627,0.0002178214214827909,1.020033597946167,1.0155562087893486,44166.93001510055,28422157312,44111495168,450m_block/train.jsonl,90000,72aa5d2428d89be48173b89b46698abaf9144bf19530960cb880cbb29d638609
90500,3867017931,3.0392764430062815,0.0002169692256681017,0.7693344354629517,1.1060588248074055,40443.59937889309,28422157312,44111495168,450m_block/train.jsonl,90500,72aa5d2428d89be48173b89b46698abaf9144bf19530960cb880cbb29d638609
91000,3888341131,3.1209234375,0.00021611459169140296,0.7630370259284973,1.0058436058461666,44738.56545734435,28422157312,44111495168,450m_block/train.jsonl,91000,72aa5d2428d89be48173b89b46698abaf9144bf19530960cb880cbb29d638609
91500,3909773785,3.100174207353774,0.00021525755964827174,0.9342686533927917,1.1009294502437115,38482.02987995415,28422157312,44111495168,450m_block/train.jsonl,91500,72aa5d2428d89be48173b89b46698abaf9144bf19530960cb880cbb29d638609
92000,3931252072,3.057082977136909,0.00021439816974679155,0.7448760271072388,1.0326526761054993,44886.34085064292,28422157312,44111495168,450m_block/train.jsonl,92000,72aa5d2428d89be48173b89b46698abaf9144bf19530960cb880cbb29d638609
92500,3952779318,2.9242207373414444,0.00021353646230566617,0.760722279548645,1.0131248347461224,42876.256222546675,28422157312,44111495168,450m_block/train.jsonl,92500,72aa5d2428d89be48173b89b46698abaf9144bf19530960cb880cbb29d638609
93000,3974127161,3.040084462927587,0.00021267247775232773,1.0678833723068237,1.073156200349331,39145.2800499362,28422157312,44111495168,450m_block/train.jsonl,93000,72aa5d2428d89be48173b89b46698abaf9144bf19530960cb880cbb29d638609
93500,3995459070,2.8414912338834535,0.00021180625662104024,0.8290775418281555,1.0240215733647346,37529.482776152116,28422157312,44111495168,450m_block/train.jsonl,93500,72aa5d2428d89be48173b89b46698abaf9144bf19530960cb880cbb29d638609
94000,4016942820,2.951213130963479,0.0002109378395509979,0.7371680736541748,1.0220591463148594,44606.029078042586,28422157312,44111495168,450m_block/train.jsonl,94000,72aa5d2428d89be48173b89b46698abaf9144bf19530960cb880cbb29d638609
94500,4038337334,2.9418252514195697,0.0002100672672844185,0.8283008337020874,1.0088002011179924,41373.90134710946,28422157312,44111495168,450m_block/train.jsonl,94500,72aa5d2428d89be48173b89b46698abaf9144bf19530960cb880cbb29d638609
95000,4059801485,2.9921923324366277,0.00020919458066463189,0.7575032114982605,1.0105635114014149,42394.16871542114,28422157312,44111495168,450m_block/train.jsonl,95000,72aa5d2428d89be48173b89b46698abaf9144bf19530960cb880cbb29d638609
95500,4081139258,2.971662343589461,0.00020831982063416384,0.7482314705848694,1.009651243686676,47235.122323882264,28422157312,44111495168,450m_block/train.jsonl,95500,72aa5d2428d89be48173b89b46698abaf9144bf19530960cb880cbb29d638609
96000,4102465851,3.001646647826713,0.00020744302823281525,0.7445516586303711,1.0582300201058388,44274.87324099349,28422157312,44111495168,450m_block/train.jsonl,96000,72aa5d2428d89be48173b89b46698abaf9144bf19530960cb880cbb29d638609
96500,4123844411,2.9944613972792786,0.00020656424459573677,0.807370662689209,1.0156889110803604,45152.604798273234,28422157312,44111495168,450m_block/train.jsonl,96500,72aa5d2428d89be48173b89b46698abaf9144bf19530960cb880cbb29d638609
97000,4145218260,3.0495996521375894,0.00020568351095149868,0.819445013999939,1.010386623442173,42943.95728654786,28422157312,44111495168,450m_block/train.jsonl,97000,72aa5d2428d89be48173b89b46698abaf9144bf19530960cb880cbb29d638609
97500,4166601512,2.921495980545354,0.00020480086862015697,0.8184845447540283,1.1093297563493252,38290.68837005405,30630207488,49088036864,450m_block/train.jsonl,97500,72aa5d2428d89be48173b89b46698abaf9144bf19530960cb880cbb29d638609
98000,4187916485,2.882529746885916,0.00020391635901131463,0.8421677350997925,1.030231237411499,46404.14526753933,30630259200,49144659968,450m_block/train.jsonl,98000,72aa5d2428d89be48173b89b46698abaf9144bf19530960cb880cbb29d638609
98500,4209250012,2.992645052005766,0.00020303002362217877,0.8341206908226013,1.0385383870452642,45257.835999423136,30630259200,49144659968,450m_block/train.jsonl,98500,72aa5d2428d89be48173b89b46698abaf9144bf19530960cb880cbb29d638609
99000,4230717717,2.9969092917019684,0.000202141904035614,0.7424746155738831,1.0468882331624627,43970.30985910075,30630259200,49144659968,450m_block/train.jsonl,99000,72aa5d2428d89be48173b89b46698abaf9144bf19530960cb880cbb29d638609
99500,4252119327,2.897525899124219,0.0002012520419181915,0.8621441125869751,1.1143420254811645,41806.733421800265,30630259200,49144659968,450m_block/train.jsonl,99500,72aa5d2428d89be48173b89b46698abaf9144bf19530960cb880cbb29d638609
100000,4273452521,2.992361989299611,0.00020036047901823395,0.8301680088043213,1.083273297175765,41517.68544212776,30630259200,49144659968,450m_block/train.jsonl,100000,72aa5d2428d89be48173b89b46698abaf9144bf19530960cb880cbb29d638609
100500,4294827966,2.8948505963892126,0.00019946725716385726,0.7454825043678284,1.0336934309452772,45646.99608940238,30630259200,49144659968,450m_block/train.jsonl,100500,72aa5d2428d89be48173b89b46698abaf9144bf19530960cb880cbb29d638609
101000,4316170919,3.000598250729949,0.0001985724182610079,0.8298482298851013,1.0283231269568205,40799.4324937143,30630259200,49144659968,450m_block/train.jsonl,101000,72aa5d2428d89be48173b89b46698abaf9144bf19530960cb880cbb29d638609
101500,4337558267,2.89420429714633,0.0001976760042914971,0.8155233263969421,1.0150698889046907,38293.91495588908,30630259200,49144659968,450m_block/train.jsonl,101500,72aa5d2428d89be48173b89b46698abaf9144bf19530960cb880cbb29d638609
102000,4358876205,2.899161209677864,0.00019677805731103097,0.8889209032058716,1.0353952217847109,43818.05038833137,30630259200,49144659968,450m_block/train.jsonl,102000,72aa5d2428d89be48173b89b46698abaf9144bf19530960cb880cbb29d638609
102500,4380211893,2.942092173367156,0.00019587861944723764,0.9759373664855957,1.0110575249418616,38600.17757371832,30630259200,49144659968,450m_block/train.jsonl,102500,72aa5d2428d89be48173b89b46698abaf9144bf19530960cb880cbb29d638609
103000,4401537298,3.020705119673028,0.0001949777328976909,0.7955077290534973,1.0483875554054976,40534.62842141741,30630310400,49144659968,450m_block/train.jsonl,103000,72aa5d2428d89be48173b89b46698abaf9144bf19530960cb880cbb29d638609
103500,4422874762,2.8458162122958113,0.00019407543992793017,0.8030149936676025,1.117889686487615,38716.70033560105,30630310400,49144659968,450m_block/train.jsonl,103500,72aa5d2428d89be48173b89b46698abaf9144bf19530960cb880cbb29d638609
104000,4444206128,2.993617351315725,0.0001931717828694779,0.9593442678451538,1.0651329597458243,38371.735308757285,30630310400,49144659968,450m_block/train.jsonl,104000,72aa5d2428d89be48173b89b46698abaf9144bf19530960cb880cbb29d638609
104500,4465530667,3.0187175709404133,0.0001922668041178533,0.8968257308006287,1.011944462545216,39221.52002311743,30630310400,49144659968,450m_block/train.jsonl,104500,72aa5d2428d89be48173b89b46698abaf9144bf19530960cb880cbb29d638609
105000,4486838833,2.8568317716062372,0.0001913605461305836,0.8165692687034607,1.1034410977736115,40916.5474179783,30630310400,49144659968,450m_block/train.jsonl,105000,72aa5d2428d89be48173b89b46698abaf9144bf19530960cb880cbb29d638609
105500,4508281287,2.964022735316389,0.00019045305142521203,0.9216932654380798,1.0313279582187533,44177.0240367479,30630310400,49144659968,450m_block/train.jsonl,105500,72aa5d2428d89be48173b89b46698abaf9144bf19530960cb880cbb29d638609
106000,4529694322,3.0994354012447474,0.0001895443625773029,0.8648391962051392,1.0047863749787211,40737.017359403224,30630310400,49144659968,450m_block/train.jsonl,106000,72aa5d2428d89be48173b89b46698abaf9144bf19530960cb880cbb29d638609
106500,4550994566,2.9155383808893456,0.00018863452221844443,0.8254292607307434,1.0166030740365386,42821.03911721536,30630310400,49144659968,450m_block/train.jsonl,106500,72aa5d2428d89be48173b89b46698abaf9144bf19530960cb880cbb29d638609
107000,4572389903,3.0098511400909955,0.00018772357303424857,0.8810819387435913,1.0363112166523933,45599.23625322546,30630310400,49144659968,450m_block/train.jsonl,107000,72aa5d2428d89be48173b89b46698abaf9144bf19530960cb880cbb29d638609
107500,4593749740,3.010713193252459,0.00018681155776234824,0.8683609366416931,1.0175241846591234,42369.508902083515,30630310400,49144659968,450m_block/train.jsonl,107500,72aa5d2428d89be48173b89b46698abaf9144bf19530960cb880cbb29d638609
108000,4615174076,2.943275674774692,0.00018589851919039252,0.8294585347175598,1.0659362394362688,40805.44256850044,30630310400,49144659968,450m_block/train.jsonl,108000,72aa5d2428d89be48173b89b46698abaf9144bf19530960cb880cbb29d638609
108500,4636590707,2.8988654343845823,0.00018498450015403905,0.8926778435707092,1.0067960936576128,39194.629626185,30630310400,49144659968,450m_block/train.jsonl,108500,72aa5d2428d89be48173b89b46698abaf9144bf19530960cb880cbb29d638609
109000,4657913340,2.8577480771055175,0.00018406954353494449,0.8550771474838257,1.0192225072532892,42660.9495871292,30630330880,49144659968,450m_block/train.jsonl,109000,72aa5d2428d89be48173b89b46698abaf9144bf19530960cb880cbb29d638609
109500,4679356313,2.9080549050181816,0.00018315369225875255,0.8348719477653503,1.0216753417626023,45489.988942885946,30630330880,49144659968,450m_block/train.jsonl,109500,72aa5d2428d89be48173b89b46698abaf9144bf19530960cb880cbb29d638609
110000,4700611126,2.9316007246398814,0.00018223698929308035,0.9384713172912598,1.0765242129564285,38240.66333533197,30630330880,49144659968,450m_block/train.jsonl,110000,72aa5d2428d89be48173b89b46698abaf9144bf19530960cb880cbb29d638609
110500,4721927144,3.061295540808263,0.00018131947764550243,0.8872480392456055,1.0173561796545982,43846.98387062909,30630330880,49144659968,450m_block/train.jsonl,110500,72aa5d2428d89be48173b89b46698abaf9144bf19530960cb880cbb29d638609
111000,4743335181,2.9411319968877807,0.00018040120036153298,0.823282778263092,1.1032965974882245,37896.42793713614,30630330880,49144659968,450m_block/train.jsonl,111000,72aa5d2428d89be48173b89b46698abaf9144bf19530960cb880cbb29d638609
111500,4764689895,2.887387066047906,0.00017948220052260643,0.9071895480155945,1.0176391545683146,41701.42216864866,30630330880,49144659968,450m_block/train.jsonl,111500,72aa5d2428d89be48173b89b46698abaf9144bf19530960cb880cbb29d638609
112000,4786059647,2.994895520518615,0.0001785625212440562,0.8606254458427429,1.0142103228718042,40466.951552797094,30630330880,49144659968,450m_block/train.jsonl,112000,72aa5d2428d89be48173b89b46698abaf9144bf19530960cb880cbb29d638609
112500,4807426008,2.9201997259552224,0.00017764220567309207,0.8105409741401672,1.0218364661559463,44694.04010585597,30630330880,49144659968,450m_block/train.jsonl,112500,72aa5d2428d89be48173b89b46698abaf9144bf19530960cb880cbb29d638609
113000,4828813495,2.900721032320795,0.00017672129698677563,0.811968207359314,1.0052935359999537,40090.77802326768,30630330880,49144659968,450m_block/train.jsonl,113000,72aa5d2428d89be48173b89b46698abaf9144bf19530960cb880cbb29d638609
113500,4850192237,2.953018900996731,0.00017579983838999494,0.9247475862503052,1.0263356594368815,43818.02345703816,30630330880,49144659968,450m_block/train.jsonl,113500,72aa5d2428d89be48173b89b46698abaf9144bf19530960cb880cbb29d638609
114000,4871545247,3.0454162163387366,0.00017487787311343725,0.9028715491294861,1.0070409197360277,43125.357817022865,30630341120,49144659968,450m_block/train.jsonl,114000,72aa5d2428d89be48173b89b46698abaf9144bf19530960cb880cbb29d638609
114500,4892899774,2.8864050262179743,0.00017395544441156096,0.8409989476203918,1.0334195401519537,43736.351253193934,30630346240,49144659968,450m_block/train.jsonl,114500,72aa5d2428d89be48173b89b46698abaf9144bf19530960cb880cbb29d638609
115000,4914267573,3.0003633428098135,0.00017303259556056638,0.9226934313774109,1.0690710535272956,39174.19694586345,30630346240,49144659968,450m_block/train.jsonl,115000,72aa5d2428d89be48173b89b46698abaf9144bf19530960cb880cbb29d638609
115500,4935648385,3.0041735309440796,0.0001721093698563653,0.9090873003005981,1.012417709454894,43486.991178478114,30630346240,49144659968,450m_block/train.jsonl,115500,72aa5d2428d89be48173b89b46698abaf9144bf19530960cb880cbb29d638609
116000,4957006575,2.9237091654943383,0.00017118581061254974,0.9018079042434692,1.0112143587321043,42880.12687474843,30630346240,49144659968,450m_block/train.jsonl,116000,72aa5d2428d89be48173b89b46698abaf9144bf19530960cb880cbb29d638609
116500,4978284735,2.8609974659272353,0.0001702619611583598,0.825679361820221,1.0122238071635365,43310.57982408938,30630346240,49144659968,450m_block/train.jsonl,116500,72aa5d2428d89be48173b89b46698abaf9144bf19530960cb880cbb29d638609
117000,4999726157,2.9571243965918343,0.00016933786483665111,1.003453254699707,1.110803727991879,38697.205380926,30630346240,49144659968,450m_block/train.jsonl,117000,72aa5d2428d89be48173b89b46698abaf9144bf19530960cb880cbb29d638609
117500,5021114914,2.848002547441263,0.00016841356500186118,0.907098650932312,1.0144463200122118,41453.15446508178,30630346240,49144659968,450m_block/train.jsonl,117500,72aa5d2428d89be48173b89b46698abaf9144bf19530960cb880cbb29d638609
118000,5042459440,2.8910811440220328,0.00016748910501797532,0.8593210577964783,1.0099048521369696,45840.95214716444,30630346240,49144659968,450m_block/train.jsonl,118000,72aa5d2428d89be48173b89b46698abaf9144bf19530960cb880cbb29d638609
118500,5063838353,2.8845056380177643,0.0001665645282564925,0.9019106030464172,1.0180501705035567,45839.5876275107,30630346240,49144659968,450m_block/train.jsonl,118500,72aa5d2428d89be48173b89b46698abaf9144bf19530960cb880cbb29d638609
119000,5085123807,2.8794707740420935,0.00016563987809439015,0.8599078059196472,1.0096287317574024,41954.03584272991,30630346240,49144659968,450m_block/train.jsonl,119000,72aa5d2428d89be48173b89b46698abaf9144bf19530960cb880cbb29d638609
119500,5106518994,2.892152969802708,0.0001647151979120895,0.852213442325592,1.0183804780244827,44744.573352774474,30630346240,49144659968,450m_block/train.jsonl,119500,72aa5d2428d89be48173b89b46698abaf9144bf19530960cb880cbb29d638609
120000,5127813598,2.9174723377419243,0.00016379053109142014,0.88094162940979,1.082242333330214,39674.10872560929,30630346240,49144659968,450m_block/train.jsonl,120000,72aa5d2428d89be48173b89b46698abaf9144bf19530960cb880cbb29d638609
120500,5149093538,2.828874048876649,0.00016286592101358475,0.8612634539604187,1.019150523468852,43957.196673479586,30630346240,49144659968,450m_block/train.jsonl,120500,72aa5d2428d89be48173b89b46698abaf9144bf19530960cb880cbb29d638609
121000,5170448336,3.0620138058015414,0.00016194141105712394,0.9446687698364258,1.0339762419462204,42538.69500638654,30630346240,49144659968,450m_block/train.jsonl,121000,72aa5d2428d89be48173b89b46698abaf9144bf19530960cb880cbb29d638609
121500,5191928684,2.9871067906250652,0.0001610170445958811,0.9034150242805481,1.028934153728187,46419.88005446024,30630346240,49144659968,450m_block/train.jsonl,121500,72aa5d2428d89be48173b89b46698abaf9144bf19530960cb880cbb29d638609
122000,5213293916,2.971477927929208,0.00016009286499696742,0.8800987005233765,1.014024349860847,43379.62890736934,30630346240,49144659968,450m_block/train.jsonl,122000,72aa5d2428d89be48173b89b46698abaf9144bf19530960cb880cbb29d638609
122500,5234577114,2.937256909918475,0.0001591689156187273,0.9771037101745605,1.0196933848783374,42162.67422891012,30630346240,49144659968,450m_block/train.jsonl,122500,72aa5d2428d89be48173b89b46698abaf9144bf19530960cb880cbb29d638609
123000,5255894565,2.8986862202653114,0.00015824523980870436,0.8469641804695129,0.9985470743849874,42710.05453224849,30630346240,49144659968,450m_block/train.jsonl,123000,72aa5d2428d89be48173b89b46698abaf9144bf19530960cb880cbb29d638609
123500,5277276299,2.8270244942955034,0.0001573218809016075,0.8766481876373291,1.035969634540379,41838.098873650546,30630346240,49144659968,450m_block/train.jsonl,123500,72aa5d2428d89be48173b89b46698abaf9144bf19530960cb880cbb29d638609
124000,5298716978,2.912398089955978,0.0001563988822172781,0.8829647898674011,1.0056344401091337,40772.27108048365,30630346240,49144659968,450m_block/train.jsonl,124000,72aa5d2428d89be48173b89b46698abaf9144bf19530960cb880cbb29d638609
124500,5320002938,2.9253063112044018,0.0001554762870586574,0.8693691492080688,1.0774271013215184,41370.780394634356,30630346240,49144659968,450m_block/train.jsonl,124500,72aa5d2428d89be48173b89b46698abaf9144bf19530960cb880cbb29d638609
125000,5341377243,2.974283072812486,0.000154554138709755,1.211690902709961,1.0173774380236864,44225.47455682073,30630346240,49144659968,450m_block/train.jsonl,125000,72aa5d2428d89be48173b89b46698abaf9144bf19530960cb880cbb29d638609
125500,5362821934,2.980050653807243,0.00015363248043361835,0.9992395043373108,1.042486541904509,41956.4169337799,30630346240,49144659968,450m_block/train.jsonl,125500,72aa5d2428d89be48173b89b46698abaf9144bf19530960cb880cbb29d638609
126000,5384137572,2.8950391048758912,0.00015271135547030275,0.9171752333641052,1.011655056849122,38269.96142398969,30630346240,49144659968,450m_block/train.jsonl,126000,72aa5d2428d89be48173b89b46698abaf9144bf19530960cb880cbb29d638609
126500,5405564431,2.8963720891287332,0.00015179080703484293,0.9154916405677795,1.0161511329934,40860.063677427075,30630346240,49144659968,450m_block/train.jsonl,126500,72aa5d2428d89be48173b89b46698abaf9144bf19530960cb880cbb29d638609
127000,5426968153,2.826444732521073,0.00015087087831522553,0.8994976878166199,1.1089239232242107,42150.7724931184,30630346240,49144659968,450m_block/train.jsonl,127000,72aa5d2428d89be48173b89b46698abaf9144bf19530960cb880cbb29d638609
127500,5448414488,2.929178974395129,0.00014995161247036292,0.8937368988990784,1.0225513270124793,42480.99714164262,30630346240,49144659968,450m_block/train.jsonl,127500,72aa5d2428d89be48173b89b46698abaf9144bf19530960cb880cbb29d638609
128000,5469765916,2.9884961358844873,0.00014903305262806832,1.1620088815689087,1.0780052356421947,42570.294171773276,30630346240,49144659968,450m_block/train.jsonl,128000,72aa5d2428d89be48173b89b46698abaf9144bf19530960cb880cbb29d638609
128500,5491069247,2.876344977665365,0.00014811524188303255,0.9989252686500549,1.008336754515767,41905.64294196743,30630346240,49144659968,450m_block/train.jsonl,128500,72aa5d2428d89be48173b89b46698abaf9144bf19530960cb880cbb29d638609
129000,5512465881,2.928987939247099,0.00014719822329480213,0.9830147624015808,1.0097218891605735,37554.89546881525,30630346240,49144659968,450m_block/train.jsonl,129000,72aa5d2428d89be48173b89b46698abaf9144bf19530960cb880cbb29d638609
129500,5533833103,2.814880679709607,0.00014628203988575913,0.9717113971710205,1.086113939061761,39695.65111855945,30630346240,49144659968,450m_block/train.jsonl,129500,72aa5d2428d89be48173b89b46698abaf9144bf19530960cb880cbb29d638609
130000,5555161273,2.938521159532418,0.00014536673463910282,0.9656383395195007,1.0071408292278647,40505.75531852474,30630346240,49144659968,450m_block/train.jsonl,130000,72aa5d2428d89be48173b89b46698abaf9144bf19530960cb880cbb29d638609
130500,5576495222,2.847254072929869,0.00014445235049683305,0.8701549172401428,1.023667142726481,46245.50112443047,30630346240,49144659968,450m_block/train.jsonl,130500,72aa5d2428d89be48173b89b46698abaf9144bf19530960cb880cbb29d638609
131000,5597757286,2.865351210432112,0.00014353893035773553,0.9962078928947449,1.0017025535926223,41203.84824014887,30630346240,49144659968,450m_block/train.jsonl,131000,72aa5d2428d89be48173b89b46698abaf9144bf19530960cb880cbb29d638609
131500,5619118922,2.972342485033773,0.00014262651707536936,1.104560136795044,1.0058129411190748,40771.99479494973,30630346240,49144659968,450m_block/train.jsonl,131500,72aa5d2428d89be48173b89b46698abaf9144bf19530960cb880cbb29d638609
132000,5640456433,2.9296913782902334,0.0001417151534560564,1.0716221332550049,1.082162406295538,40021.71924291747,30630346240,49144659968,450m_block/train.jsonl,132000,72aa5d2428d89be48173b89b46698abaf9144bf19530960cb880cbb29d638609
132500,5661771798,2.770491380746869,0.0001408048822568731,0.9384923577308655,1.0322235589846969,43239.66413235266,30630346240,49144659968,450m_block/train.jsonl,132500,72aa5d2428d89be48173b89b46698abaf9144bf19530960cb880cbb29d638609
133000,5683124283,2.9674615732217235,0.0001398957461836444,1.09190833568573,1.0174091635271907,45779.0254596574,30630346240,49144659968,450m_block/train.jsonl,133000,72aa5d2428d89be48173b89b46698abaf9144bf19530960cb880cbb29d638609
133500,5704457310,2.7872763158817917,0.00013898778788894037,1.1049128770828247,1.0041174395009875,44357.361248635294,30630346240,49144659968,450m_block/train.jsonl,133500,72aa5d2428d89be48173b89b46698abaf9144bf19530960cb880cbb29d638609
134000,5725909077,2.9075161372654077,0.0001380810499700749,1.008042812347412,1.0276089133694768,42000.41420279295,30630346240,49144659968,450m_block/train.jsonl,134000,72aa5d2428d89be48173b89b46698abaf9144bf19530960cb880cbb29d638609
134500,5747303228,2.9481066325074896,0.00013717557496710736,1.1180343627929688,1.0135088805109262,41497.41636086887,30630346240,49144659968,450m_block/train.jsonl,134500,72aa5d2428d89be48173b89b46698abaf9144bf19530960cb880cbb29d638609
135000,5768617221,2.839376179147846,0.00013627140536084687,1.0453988313674927,1.021199956536293,44442.814269143615,30630346240,49144659968,450m_block/train.jsonl,135000,72aa5d2428d89be48173b89b46698abaf9144bf19530960cb880cbb29d638609
135500,5790010009,2.8893160543398295,0.00013536858357085909,1.1515240669250488,1.102329159155488,37610.36316209072,30630346240,49144659968,450m_block/train.jsonl,135500,72aa5d2428d89be48173b89b46698abaf9144bf19530960cb880cbb29d638609
136000,5811382010,2.8968814044176248,0.00013446715195347632,0.9160705208778381,1.0211139926686883,43006.95154047185,30630346240,49144659968,450m_block/train.jsonl,136000,72aa5d2428d89be48173b89b46698abaf9144bf19530960cb880cbb29d638609
136500,5832783009,2.8245184928843727,0.00013356715279981018,1.0985221862792969,1.0104291560128331,42316.67281724494,30630346240,49144659968,450m_block/train.jsonl,136500,72aa5d2428d89be48173b89b46698abaf9144bf19530960cb880cbb29d638609
137000,5854235517,2.9124559936036065,0.00013266862833376757,0.923751950263977,1.0801859069615602,41737.25995631266,30630346240,49144659968,450m_block/train.jsonl,137000,72aa5d2428d89be48173b89b46698abaf9144bf19530960cb880cbb29d638609
137500,5875652158,2.908630318629366,0.00013177162071006962,1.07490873336792,1.0093541191890836,38035.214074167925,30630346240,49144659968,450m_block/train.jsonl,137500,72aa5d2428d89be48173b89b46698abaf9144bf19530960cb880cbb29d638609
138000,5897115095,2.9600797609229947,0.00013087617201227412,1.0782561302185059,1.01365131046623,37831.549768689,30630346240,49144659968,450m_block/train.jsonl,138000,72aa5d2428d89be48173b89b46698abaf9144bf19530960cb880cbb29d638609
138500,5918384119,2.8452300743126875,0.00012998232425080107,0.9575457572937012,1.028644623234868,45721.329735917476,30630346240,49144659968,450m_block/train.jsonl,138500,72aa5d2428d89be48173b89b46698abaf9144bf19530960cb880cbb29d638609
139000,5939734208,2.957646908511164,0.0001290901193609617,0.9372754096984863,1.0347303412854671,44971.13706184655,30630346240,49144659968,450m_block/train.jsonl,139000,72aa5d2428d89be48173b89b46698abaf9144bf19530960cb880cbb29d638609
139500,5961153266,2.8910248087251724,0.0001281995992009911,1.0138311386108398,1.0785020664334297,38886.34181174161,30630346240,49144659968,450m_block/train.jsonl,139500,72aa5d2428d89be48173b89b46698abaf9144bf19530960cb880cbb29d638609
140000,5982536436,2.8261100678113156,0.00012731080555008456,0.9498054385185242,1.0109386229887605,43324.09406865341,30630346240,49144659968,450m_block/train.jsonl,140000,72aa5d2428d89be48173b89b46698abaf9144bf19530960cb880cbb29d638609
140500,6003875030,2.7272961096547164,0.00012642378010643715,0.9623938798904419,1.017802962101996,41601.3723447553,30630346240,49144659968,450m_block/train.jsonl,140500,72aa5d2428d89be48173b89b46698abaf9144bf19530960cb880cbb29d638609
141000,6025259670,2.915608076570726,0.00012553856448528774,0.9163019061088562,1.0295739453285933,41878.48788873442,30630346240,49144659968,450m_block/train.jsonl,141000,72aa5d2428d89be48173b89b46698abaf9144bf19530960cb880cbb29d638609
141500,6046569792,2.788405760444832,0.00012465520021696642,0.9782271385192871,1.0075270468369126,41847.01555394048,30630346240,49144659968,450m_block/train.jsonl,141500,72aa5d2428d89be48173b89b46698abaf9144bf19530960cb880cbb29d638609
142000,6067883173,2.9063581881877365,0.00012377372874494618,0.9656921625137329,1.0108661828562617,39736.21897856248,30630346240,49144659968,450m_block/train.jsonl,142000,72aa5d2428d89be48173b89b46698abaf9144bf19530960cb880cbb29d638609
142500,6089381648,2.8711419263787428,0.00012289419142389853,1.0092370510101318,1.0243003414943814,43299.80007162116,30630346240,49144659968,450m_block/train.jsonl,142500,72aa5d2428d89be48173b89b46698abaf9144bf19530960cb880cbb29d638609
143000,6110640391,2.9061669360632183,0.0001220166295177533,1.3327454328536987,1.073387392796576,39715.391000571464,30630346240,49144659968,450m_block/train.jsonl,143000,72aa5d2428d89be48173b89b46698abaf9144bf19530960cb880cbb29d638609
143500,6131849514,2.9019113009971362,0.00012114108419776277,1.024066686630249,1.0263584619387984,42187.015166424295,30630346240,49144659968,450m_block/train.jsonl,143500,72aa5d2428d89be48173b89b46698abaf9144bf19530960cb880cbb29d638609
144000,6153303070,2.913899198204073,0.00012026759654057005,1.0665028095245361,1.03303356282413,40452.70309103637,30630346240,49144659968,450m_block/train.jsonl,144000,72aa5d2428d89be48173b89b46698abaf9144bf19530960cb880cbb29d638609
144500,6174633791,2.8716246998186983,0.0001193962075262821,0.975979745388031,1.023901842534542,46058.12592666475,30630346240,49144659968,450m_block/train.jsonl,144500,72aa5d2428d89be48173b89b46698abaf9144bf19530960cb880cbb29d638609
145000,6196049750,2.7612475547215753,0.00011852695803654679,1.0717757940292358,1.0058212419971824,40118.460731527324,30630346240,49144659968,450m_block/train.jsonl,145000,72aa5d2428d89be48173b89b46698abaf9144bf19530960cb880cbb29d638609
145500,6217429953,2.784659406003284,0.00011765988885263534,1.0727039575576782,1.03078942745924,41656.422598201236,30630346240,49144659968,450m_block/train.jsonl,145500,72aa5d2428d89be48173b89b46698abaf9144bf19530960cb880cbb29d638609
146000,6238836179,2.9095655975358774,0.00011679504065352873,1.0464386940002441,1.0263245655223727,43792.18963459591,30630346240,49144659968,450m_block/train.jsonl,146000,72aa5d2428d89be48173b89b46698abaf9144bf19530960cb880cbb29d638609
146500,6260101858,2.796186151387494,0.00011593245401400934,1.0716623067855835,1.0105895260348916,40401.170750497506,30630346240,49144659968,450m_block/train.jsonl,146500,72aa5d2428d89be48173b89b46698abaf9144bf19530960cb880cbb29d638609
147000,6281494098,2.7841382367854304,0.0001150721694027574,0.9782623052597046,1.032244116999209,46332.06352295118,30630346240,49144659968,450m_block/train.jsonl,147000,72aa5d2428d89be48173b89b46698abaf9144bf19530960cb880cbb29d638609
147500,6302840126,2.87521651978837,0.00011421422718045235,1.2459179162979126,1.0304335625842214,42623.805740421194,30630346240,49144659968,450m_block/train.jsonl,147500,72aa5d2428d89be48173b89b46698abaf9144bf19530960cb880cbb29d638609
148000,6324243171,2.9159593849303347,0.00011335866759787926,1.049566388130188,1.0345242079347372,39544.748867375754,30630346240,49144659968,450m_block/train.jsonl,148000,72aa5d2428d89be48173b89b46698abaf9144bf19530960cb880cbb29d638609
148500,6345703742,2.822526638342714,0.00011250553079404044,1.5357799530029297,1.0733558293431997,37408.843276670086,30630346240,49144659968,450m_block/train.jsonl,148500,72aa5d2428d89be48173b89b46698abaf9144bf19530960cb880cbb29d638609
149000,6367095134,2.865323555424528,0.00011165485679427241,1.0009574890136719,1.106845281086862,35912.87841148643,30630346240,49144659968,450m_block/train.jsonl,149000,72aa5d2428d89be48173b89b46698abaf9144bf19530960cb880cbb29d638609
149500,6388520120,2.9317459296187853,0.00011080668550836792,1.030105471611023,1.0116070173680782,42371.196783033076,30630346240,49144659968,450m_block/train.jsonl,149500,72aa5d2428d89be48173b89b46698abaf9144bf19530960cb880cbb29d638609
150000,6409757175,2.927024984152306,0.00010996105672870378,1.0727686882019043,1.019441558048129,40813.52155160589,30630346240,49144659968,450m_block/train.jsonl,150000,72aa5d2428d89be48173b89b46698abaf9144bf19530960cb880cbb29d638609
150500,6431210168,2.8156694589618425,0.00010911801012837376,1.0410279035568237,1.0049485452473164,37865.62026480193,30630346240,49144659968,450m_block/train.jsonl,150500,72aa5d2428d89be48173b89b46698abaf9144bf19530960cb880cbb29d638609
151000,6452495565,2.977427018416427,0.00010827758525932747,1.1286251544952393,0.9976397659629583,40773.234375573506,30630346240,49144659968,450m_block/train.jsonl,151000,72aa5d2428d89be48173b89b46698abaf9144bf19530960cb880cbb29d638609
151500,6473877168,2.83495209062316,0.00010743982155051466,1.1066426038742065,1.0240481114014983,43117.11481950925,30630346240,49144659968,450m_block/train.jsonl,151500,72aa5d2428d89be48173b89b46698abaf9144bf19530960cb880cbb29d638609
152000,6495317289,2.9059140130066923,0.00010660475830603533,1.0891656875610352,1.0135663878172636,41425.998834099104,30630346240,49144659968,450m_block/train.jsonl,152000,72aa5d2428d89be48173b89b46698abaf9144bf19530960cb880cbb29d638609
152500,6516705191,2.8010999122323255,0.00010577243470329611,1.0258749723434448,1.0295892292633653,45129.64848441943,30630346240,49144659968,450m_block/train.jsonl,152500,72aa5d2428d89be48173b89b46698abaf9144bf19530960cb880cbb29d638609
153000,6538030703,2.7875598483840935,0.00010494288979117168,1.1491661071777344,1.0206429101526737,36834.626122447,30630346240,49144659968,450m_block/train.jsonl,153000,72aa5d2428d89be48173b89b46698abaf9144bf19530960cb880cbb29d638609
153500,6559485289,2.8124120457964135,0.00010411616248817334,1.1039681434631348,1.0210043862462044,41671.71128071946,30630346240,49144659968,450m_block/train.jsonl,153500,72aa5d2428d89be48173b89b46698abaf9144bf19530960cb880cbb29d638609
154000,6580844740,2.771974214853491,0.00010329229158062263,1.0248953104019165,1.0050645172595978,39897.93621342478,30630346240,49144659968,450m_block/train.jsonl,154000,72aa5d2428d89be48173b89b46698abaf9144bf19530960cb880cbb29d638609
154500,6602241853,2.775326696231597,0.0001024713157208321,0.9828718900680542,1.0783451572060585,41194.602399008596,30630346240,49144659968,450m_block/train.jsonl,154500,72aa5d2428d89be48173b89b46698abaf9144bf19530960cb880cbb29d638609
155000,6623551956,2.7595302319237094,0.00010165327342529147,1.1205939054489136,1.0007335292175412,39491.032174069456,30630346240,49144659968,450m_block/train.jsonl,155000,72aa5d2428d89be48173b89b46698abaf9144bf19530960cb880cbb29d638609
155500,6644981763,2.863643257820242,0.00010083820307286106,1.1986078023910522,1.0089747933670878,39002.956524487214,30630346240,49144659968,450m_block/train.jsonl,155500,72aa5d2428d89be48173b89b46698abaf9144bf19530960cb880cbb29d638609
156000,6666325503,2.975406675359369,0.00010002614290297077,1.1617825031280518,1.0122115248814225,38830.8165179254,30630346240,49144659968,450m_block/train.jsonl,156000,72aa5d2428d89be48173b89b46698abaf9144bf19530960cb880cbb29d638609
156500,6687736019,2.775854992954843,9.921713101382656e-05,1.0157978534698486,1.0687942989170551,41418.63410466738,30630346240,49144659968,450m_block/train.jsonl,156500,72aa5d2428d89be48173b89b46698abaf9144bf19530960cb880cbb29d638609
157000,6709138467,2.845844784382656,9.841120536062251e-05,1.15087890625,1.0123801035806537,38704.83019313735,30630346240,49144659968,450m_block/train.jsonl,157000,72aa5d2428d89be48173b89b46698abaf9144bf19530960cb880cbb29d638609
157500,6730410938,2.8038163264538265,9.760840375376064e-05,1.0191447734832764,1.054104408249259,47276.151783454065,30630346240,49144659968,450m_block/train.jsonl,157500,72aa5d2428d89be48173b89b46698abaf9144bf19530960cb880cbb29d638609
158000,6751683984,2.7650726046192546,9.680876385707662e-05,1.1777958869934082,1.0123144732788205,43198.03890421658,30630346240,49144659968,450m_block/train.jsonl,158000,72aa5d2428d89be48173b89b46698abaf9144bf19530960cb880cbb29d638609
158500,6773022082,2.829658976405904,9.601232318607308e-05,1.1306626796722412,1.0095218503847718,38892.669816938775,30630346240,49144659968,450m_block/train.jsonl,158500,72aa5d2428d89be48173b89b46698abaf9144bf19530960cb880cbb29d638609
159000,6794363902,2.852814707822608,9.521911910615916e-05,1.066691279411316,1.0104111526161432,40694.32517004372,30630346240,49144659968,450m_block/train.jsonl,159000,72aa5d2428d89be48173b89b46698abaf9144bf19530960cb880cbb29d638609
159500,6815776753,2.7638976173613305,9.442918883089803e-05,1.1364684104919434,1.1007201364263892,37360.08694590653,30630346240,49144659968,450m_block/train.jsonl,159500,72aa5d2428d89be48173b89b46698abaf9144bf19530960cb880cbb29d638609
160000,6837185115,2.9455023264255544,9.364256942026033e-05,1.0338311195373535,1.0164725482463837,46582.66480652933,30630346240,49144659968,450m_block/train.jsonl,160000,72aa5d2428d89be48173b89b46698abaf9144bf19530960cb880cbb29d638609
160500,6858629355,2.819979244175409,9.285929777888618e-05,1.123378872871399,0.9972237041220069,41104.11719112627,30630346240,49144659968,450m_block/train.jsonl,160500,72aa5d2428d89be48173b89b46698abaf9144bf19530960cb880cbb29d638609
161000,6880078120,2.703958210814913,9.207941065435329e-05,1.053890347480774,1.0115970047190785,37610.82706108416,30630346240,49144659968,450m_block/train.jsonl,161000,72aa5d2428d89be48173b89b46698abaf9144bf19530960cb880cbb29d638609
161500,6901444786,2.9348912128163898,9.130294463545299e-05,1.114693284034729,0.9882184928283095,36501.03723192203,30630346240,49144659968,450m_block/train.jsonl,161500,72aa5d2428d89be48173b89b46698abaf9144bf19530960cb880cbb29d638609
162000,6922901227,2.823650220407366,9.052993615047397e-05,1.051391839981079,1.0457185627892613,41597.2342347777,30630346240,49144659968,450m_block/train.jsonl,162000,72aa5d2428d89be48173b89b46698abaf9144bf19530960cb880cbb29d638609
162500,6944230108,2.745841399677423,8.976042146549274e-05,1.0577104091644287,1.0032188231125474,40402.950050562155,30630346240,49144659968,450m_block/train.jsonl,162500,72aa5d2428d89be48173b89b46698abaf9144bf19530960cb880cbb29d638609
163000,6965614970,2.885242402953318,8.899443668267271e-05,1.105071783065796,1.0279997615143657,40176.079359355805,30630346240,49144659968,450m_block/train.jsonl,163000,72aa5d2428d89be48173b89b46698abaf9144bf19530960cb880cbb29d638609
163500,6987000245,2.865773574493002,8.823201773856995e-05,1.1876962184906006,1.0167569471523166,43356.47779291356,30630346240,49144659968,450m_block/train.jsonl,163500,72aa5d2428d89be48173b89b46698abaf9144bf19530960cb880cbb29d638609
164000,7008371063,2.926416614961041,8.747320040244763e-05,1.1457713842391968,1.0175213133916259,41875.28992191297,30630346240,49144659968,450m_block/train.jsonl,164000,72aa5d2428d89be48173b89b46698abaf9144bf19530960cb880cbb29d638609
164500,7029672038,2.832348505146747,8.671802027459749e-05,1.0753992795944214,1.0219562333077192,41541.896429939145,30630346240,49144659968,450m_block/train.jsonl,164500,72aa5d2428d89be48173b89b46698abaf9144bf19530960cb880cbb29d638609
165000,7051020384,2.798374478442281,8.596651278467006e-05,1.0106934309005737,1.0311480928212404,44625.985656531026,30630346240,49144659968,450m_block/train.jsonl,165000,72aa5d2428d89be48173b89b46698abaf9144bf19530960cb880cbb29d638609
165500,7072309262,2.817017345289018,8.521871319001203e-05,1.12618887424469,1.0091975023970008,39032.99394463213,30630346240,49144659968,450m_block/train.jsonl,165500,72aa5d2428d89be48173b89b46698abaf9144bf19530960cb880cbb29d638609
166000,7093641044,2.811315629517031,8.447465657401257e-05,0.9742872714996338,1.0841819839552045,44029.508612432655,30630346240,49144659968,450m_block/train.jsonl,166000,72aa5d2428d89be48173b89b46698abaf9144bf19530960cb880cbb29d638609
166500,7115068794,2.9042085895901413,8.373437784445688e-05,1.027663230895996,1.0246561709791422,42706.03275456266,30630346240,49144659968,450m_block/train.jsonl,166500,72aa5d2428d89be48173b89b46698abaf9144bf19530960cb880cbb29d638609
167000,7136399421,2.776867268972455,8.299791173188903e-05,1.0573790073394775,1.0127688683569431,43553.866413332275,30630346240,49144659968,450m_block/train.jsonl,167000,72aa5d2428d89be48173b89b46698abaf9144bf19530960cb880cbb29d638609
167500,7157691685,2.7482764902288856,8.226529278798198e-05,1.1333264112472534,1.015704270452261,41336.835160991264,30630346240,49144659968,450m_block/train.jsonl,167500,72aa5d2428d89be48173b89b46698abaf9144bf19530960cb880cbb29d638609
168000,7179063449,2.754732357203274,8.153655538391717e-05,1.0903286933898926,1.021592759527266,39347.38145423118,30630346240,49144659968,450m_block/train.jsonl,168000,72aa5d2428d89be48173b89b46698abaf9144bf19530960cb880cbb29d638609
168500,7200380840,2.7973996610918337,8.081173370877136e-05,1.0623760223388672,1.0249084690585732,45271.35973675744,30630346240,49144659968,450m_block/train.jsonl,168500,72aa5d2428d89be48173b89b46698abaf9144bf19530960cb880cbb29d638609
169000,7221706259,2.884318931436993,8.009086176791323e-05,1.0955684185028076,1.044324536807835,40934.593120515936,30630346240,49144659968,450m_block/train.jsonl,169000,72aa5d2428d89be48173b89b46698abaf9144bf19530960cb880cbb29d638609
169500,7243113710,2.855872323734983,7.937397338140749e-05,1.112178087234497,1.0933402804657817,37000.3746525884,30630346240,49144659968,450m_block/train.jsonl,169500,72aa5d2428d89be48173b89b46698abaf9144bf19530960cb880cbb29d638609
170000,7264443770,2.6959433824766803,7.866110218242859e-05,1.1325513124465942,1.0341906687244773,40220.82315952684,30630346240,49144659968,450m_block/train.jsonl,170000,72aa5d2428d89be48173b89b46698abaf9144bf19530960cb880cbb29d638609
170500,7285781234,2.911883668544385,7.795228161568249e-05,1.1518288850784302,1.041926828213036,40230.27228494543,30630346240,49144659968,450m_block/train.jsonl,170500,72aa5d2428d89be48173b89b46698abaf9144bf19530960cb880cbb29d638609
171000,7307205804,2.953445428967467,7.724754493583788e-05,1.1578364372253418,1.0034650303423405,40709.938826730555,30630346240,49144659968,450m_block/train.jsonl,171000,72aa5d2428d89be48173b89b46698abaf9144bf19530960cb880cbb29d638609
171500,7328476801,2.7520588845341587,7.654692520596567e-05,0.9798807501792908,1.03138945158571,43385.1635104506,30630346240,49144659968,450m_block/train.jsonl,171500,72aa5d2428d89be48173b89b46698abaf9144bf19530960cb880cbb29d638609
172000,7349923779,2.84428625802543,7.585045529598828e-05,1.0696139335632324,1.0339031480252743,46098.128331489424,30630346240,49144659968,450m_block/train.jsonl,172000,72aa5d2428d89be48173b89b46698abaf9144bf19530960cb880cbb29d638609
172500,7371259828,2.8356598251656786,7.515816788113699e-05,1.1398265361785889,1.04006705339998,41348.29563095631,30630346240,49144659968,450m_block/train.jsonl,172500,72aa5d2428d89be48173b89b46698abaf9144bf19530960cb880cbb29d638609
173000,7392722016,2.7865541640302385,7.447009544041951e-05,1.0460457801818848,1.0192439863458276,44191.57787870169,30630346240,49144659968,450m_block/train.jsonl,173000,72aa5d2428d89be48173b89b46698abaf9144bf19530960cb880cbb29d638609
173500,7414028804,2.8360646206005957,7.37862702550957e-05,1.1151810884475708,1.020265375263989,40463.982215723,30630346240,49144659968,450m_block/train.jsonl,173500,72aa5d2428d89be48173b89b46698abaf9144bf19530960cb880cbb29d638609
174000,7435498802,2.7943694844604297,7.310672440716356e-05,1.1019123792648315,1.0170107362791896,39025.15340713629,30630346240,49144659968,450m_block/train.jsonl,174000,72aa5d2428d89be48173b89b46698abaf9144bf19530960cb880cbb29d638609
174500,7456927921,2.8295292009377797,7.243148977785363e-05,1.1685289144515991,1.0128863658756018,36399.93709277363,30630346240,49144659968,450m_block/train.jsonl,174500,72aa5d2428d89be48173b89b46698abaf9144bf19530960cb880cbb29d638609
175000,7478322470,2.8068304472826333,7.176059804613371e-05,1.1010628938674927,1.0105779180303216,43862.0310311095,30630346240,49144659968,450m_block/train.jsonl,175000,72aa5d2428d89be48173b89b46698abaf9144bf19530960cb880cbb29d638609
175500,7499705658,2.7655523308562433,7.109408068722221e-05,1.1085193157196045,1.0232017105445266,43761.6547534607,30630346240,49144659968,450m_block/train.jsonl,175500,72aa5d2428d89be48173b89b46698abaf9144bf19530960cb880cbb29d638609
176000,7521141153,2.7656769703543023,7.043196897111181e-05,1.0629478693008423,1.01662842836231,40811.371040288905,30630346240,49144659968,450m_block/train.jsonl,176000,72aa5d2428d89be48173b89b46698abaf9144bf19530960cb880cbb29d638609
176500,7542479337,2.7883982628119592,6.977429396110212e-05,1.1332579851150513,1.0041121682152152,41421.667136978096,30630346240,49144659968,450m_block/train.jsonl,176500,72aa5d2428d89be48173b89b46698abaf9144bf19530960cb880cbb29d638609
177000,7563764739,2.7600726277426024,6.91210865123427e-05,1.0348069667816162,1.085878187790513,42979.95900899682,30630346240,49144659968,450m_block/train.jsonl,177000,72aa5d2428d89be48173b89b46698abaf9144bf19530960cb880cbb29d638609
177500,7585199118,2.8757943054110147,6.847237727038502e-05,1.0952457189559937,1.1090804543346167,37687.978213516486,30630346240,49144659968,450m_block/train.jsonl,177500,72aa5d2428d89be48173b89b46698abaf9144bf19530960cb880cbb29d638609
178000,7606491878,2.9092760672118776,6.782819666974516e-05,1.094494104385376,1.012428293004632,44505.86803167684,30630346240,49144659968,450m_block/train.jsonl,178000,72aa5d2428d89be48173b89b46698abaf9144bf19530960cb880cbb29d638609
178500,7627763651,2.7981420875021796,6.718857493247555e-05,1.095231294631958,1.008956328034401,45468.76680913768,30630346240,49144659968,450m_block/train.jsonl,178500,72aa5d2428d89be48173b89b46698abaf9144bf19530960cb880cbb29d638609
179000,7649197012,2.766093486941208,6.655354206674746e-05,1.0469050407409668,1.0238459333777428,44090.61805917735,30630346240,49144659968,450m_block/train.jsonl,179000,72aa5d2428d89be48173b89b46698abaf9144bf19530960cb880cbb29d638609
179500,7670447830,2.7818191703811945,6.592312786544281e-05,1.0519379377365112,1.0925201000645757,43533.295174330255,30630346240,49144659968,450m_block/train.jsonl,179500,72aa5d2428d89be48173b89b46698abaf9144bf19530960cb880cbb29d638609
180000,7691888614,2.6827897947468293,6.529736190475677e-05,1.0632755756378174,1.0084013054147363,40110.023442864265,30630346240,49144659968,450m_block/train.jsonl,180000,72aa5d2428d89be48173b89b46698abaf9144bf19530960cb880cbb29d638609
180500,7713181860,2.8130466871903987,6.467627354280974e-05,1.1213310956954956,1.1050448082387447,37267.26707637962,30630346240,49144659968,450m_block/train.jsonl,180500,72aa5d2428d89be48173b89b46698abaf9144bf19530960cb880cbb29d638609
181000,7734548613,2.8397790567513623,6.405989191827057e-05,1.0950751304626465,0.9990787375718355,37108.18637788727,30630346240,49144659968,450m_block/train.jsonl,181000,72aa5d2428d89be48173b89b46698abaf9144bf19530960cb880cbb29d638609
181500,7755977795,2.7856087407656047,6.344824594898895e-05,1.0654414892196655,1.0433479072526097,41581.52778993987,30630346240,49144659968,450m_block/train.jsonl,181500,72aa5d2428d89be48173b89b46698abaf9144bf19530960cb880cbb29d638609
182000,7777291346,2.748441862893427,6.284136433063905e-05,1.0308811664581299,1.0170638477429748,42078.97084826414,30630346240,49144659968,450m_block/train.jsonl,182000,72aa5d2428d89be48173b89b46698abaf9144bf19530960cb880cbb29d638609
182500,7798610356,2.8002125711264605,6.223927553537308e-05,1.0739468336105347,1.0256367130205035,40053.16841576318,30630346240,49144659968,450m_block/train.jsonl,182500,72aa5d2428d89be48173b89b46698abaf9144bf19530960cb880cbb29d638609
183000,7820048073,2.8795224670947808,6.164200781048573e-05,1.130468487739563,1.0194144705310464,43096.30799836877,30630346240,49144659968,450m_block/train.jsonl,183000,72aa5d2428d89be48173b89b46698abaf9144bf19530960cb880cbb29d638609
183500,7841384569,2.7453445836601196,6.104958917708858e-05,1.2820738554000854,1.0114713069051504,43490.11158269566,30630346240,49144659968,450m_block/train.jsonl,183500,72aa5d2428d89be48173b89b46698abaf9144bf19530960cb880cbb29d638609
184000,7862716814,2.772642285694859,6.0462047428795834e-05,1.07037353515625,1.0741958934813738,36795.895646090896,30630346240,49144659968,450m_block/train.jsonl,184000,72aa5d2428d89be48173b89b46698abaf9144bf19530960cb880cbb29d638609
184500,7884041255,2.802688704748116,5.987941013042011e-05,1.2449214458465576,1.115665476769209,36990.478650920086,30630346240,49144659968,450m_block/train.jsonl,184500,72aa5d2428d89be48173b89b46698abaf9144bf19530960cb880cbb29d638609
185000,7905338079,2.8316498841774465,5.9301704616679416e-05,1.091521978378296,1.0060030510649085,42187.744813570804,30630346240,49144659968,450m_block/train.jsonl,185000,72aa5d2428d89be48173b89b46698abaf9144bf19530960cb880cbb29d638609
185500,7926751722,2.770309003556195,5.872895799091455e-05,1.085805058479309,1.0394903561100364,45784.936551120816,30630346240,49144659968,450m_block/train.jsonl,185500,72aa5d2428d89be48173b89b46698abaf9144bf19530960cb880cbb29d638609
186000,7948116894,2.7581126057136305,5.8161197123817704e-05,1.1566578149795532,1.0132355345413089,38744.199805202865,30630346240,49144659968,450m_block/train.jsonl,186000,72aa5d2428d89be48173b89b46698abaf9144bf19530960cb880cbb29d638609
186500,7969547706,2.856316767511127,5.759844865217162e-05,1.1596158742904663,1.0182935576885939,39936.42078253867,30630346240,49144659968,450m_block/train.jsonl,186500,72aa5d2428d89be48173b89b46698abaf9144bf19530960cb880cbb29d638609
187000,7990924617,2.7488155199872035,5.704073897760015e-05,1.0683376789093018,1.0350637286901474,43412.785855093534,30630346240,49144659968,450m_block/train.jsonl,187000,72aa5d2428d89be48173b89b46698abaf9144bf19530960cb880cbb29d638609
187500,8012290262,2.697798743688861,5.6488094265329367e-05,1.0430476665496826,1.0156294340267777,46803.487972510564,30630346240,49144659968,450m_block/train.jsonl,187500,72aa5d2428d89be48173b89b46698abaf9144bf19530960cb880cbb29d638609
188000,8033734023,2.7477288649566356,5.5940540442960196e-05,1.0569592714309692,1.093789393082261,39108.99142974488,30630346240,49144659968,450m_block/train.jsonl,188000,72aa5d2428d89be48173b89b46698abaf9144bf19530960cb880cbb29d638609
188500,8055068511,2.737844555816021,5.5398103199251886e-05,1.1600687503814697,0.9985895100980997,37165.42145165743,30630346240,49144659968,450m_block/train.jsonl,188500,72aa5d2428d89be48173b89b46698abaf9144bf19530960cb880cbb29d638609
189000,8076476766,2.7485233276200667,5.486080798291693e-05,1.2275266647338867,1.0262441793456674,41430.68565524966,30630346240,49144659968,450m_block/train.jsonl,189000,72aa5d2428d89be48173b89b46698abaf9144bf19530960cb880cbb29d638609
189500,8097804624,2.779216192657907,5.432868000142696e-05,1.074979543685913,1.0217074723914266,42458.33682557299,30630346240,49144659968,450m_block/train.jsonl,189500,72aa5d2428d89be48173b89b46698abaf9144bf19530960cb880cbb29d638609
190000,8119202127,2.791970223931748,5.3801744219830316e-05,1.1241496801376343,1.093658832833171,41021.0192183795,30630346240,49144659968,450m_block/train.jsonl,190000,72aa5d2428d89be48173b89b46698abaf9144bf19530960cb880cbb29d638609
190500,8140637778,2.7901816606983267,5.328002535958061e-05,1.2152900695800781,1.0058365352451801,40048.25693687987,30630346240,49144659968,450m_block/train.jsonl,190500,72aa5d2428d89be48173b89b46698abaf9144bf19530960cb880cbb29d638609
191000,8161928741,2.780683202490525,5.2763547897377115e-05,1.1866666078567505,1.0917798969894648,35526.39145211728,30630346240,49144659968,450m_block/train.jsonl,191000,72aa5d2428d89be48173b89b46698abaf9144bf19530960cb880cbb29d638609
191500,8183351005,2.722672169173052,5.225233606401617e-05,0.9982143640518188,1.0485802637413144,44930.27537243712,30630346240,49144659968,450m_block/train.jsonl,191500,72aa5d2428d89be48173b89b46698abaf9144bf19530960cb880cbb29d638609
192000,8204751921,2.778684613266713,5.174641384325468e-05,1.0608500242233276,1.0114552835002542,44100.812688066595,30630346240,49144659968,450m_block/train.jsonl,192000,72aa5d2428d89be48173b89b46698abaf9144bf19530960cb880cbb29d638609
192500,8226102208,2.7721935604543204,5.124580497068461e-05,1.2249000072479248,1.0435532331466675,40665.869887670255,30630346240,49144659968,450m_block/train.jsonl,192500,72aa5d2428d89be48173b89b46698abaf9144bf19530960cb880cbb29d638609
193000,8247557088,2.8222711645394836,5.075053293261967e-05,1.2104378938674927,1.1100737964734435,36208.403556313984,30630346240,49144659968,450m_block/train.jsonl,193000,72aa5d2428d89be48173b89b46698abaf9144bf19530960cb880cbb29d638609
193500,8268904998,2.714250672160979,5.026062096499323e-05,1.1756848096847534,1.0050029549747705,42513.30783507257,30630346240,49144659968,450m_block/train.jsonl,193500,72aa5d2428d89be48173b89b46698abaf9144bf19530960cb880cbb29d638609
194000,8290202737,2.751649981350399,4.977609205226842e-05,1.0879262685775757,1.0186148472130299,43757.46153902109,30630346240,49144659968,450m_block/train.jsonl,194000,72aa5d2428d89be48173b89b46698abaf9144bf19530960cb880cbb29d638609
194500,8311498693,2.8728898493610053,4.929696892635951e-05,1.4969817399978638,1.0252772998064756,46172.8744105966,30630346240,49144659968,450m_block/train.jsonl,194500,72aa5d2428d89be48173b89b46698abaf9144bf19530960cb880cbb29d638609
195000,8332922366,2.735551893215373,4.8823274065565804e-05,1.0862586498260498,1.0090336054563522,41349.465245144216,30630346240,49144659968,450m_block/train.jsonl,195000,72aa5d2428d89be48173b89b46698abaf9144bf19530960cb880cbb29d638609
195500,8354345113,2.7989877678548223,4.835502969351665e-05,1.2257001399993896,1.0083604659885168,38157.98149353286,30630346240,49144659968,450m_block/train.jsonl,195500,72aa5d2428d89be48173b89b46698abaf9144bf19530960cb880cbb29d638609
196000,8375764327,2.811727506788768,4.789225777812917e-05,1.0940059423446655,1.0189618794247508,42464.78781367938,30630346240,49144659968,450m_block/train.jsonl,196000,72aa5d2428d89be48173b89b46698abaf9144bf19530960cb880cbb29d638609
196500,8397073115,2.832414754910886,4.743498003057736e-05,1.0693049430847168,1.0298357186838984,47998.91779163715,30630346240,49144659968,450m_block/train.jsonl,196500,72aa5d2428d89be48173b89b46698abaf9144bf19530960cb880cbb29d638609
197000,8418339853,2.7471776600464723,4.698321790427369e-05,1.14234459400177,1.0062697483226657,40736.59182175444,30630346240,49144659968,450m_block/train.jsonl,197000,72aa5d2428d89be48173b89b46698abaf9144bf19530960cb880cbb29d638609
197500,8439679480,2.8385832199762633,4.6536992593862446e-05,1.1124045848846436,1.1185546042397618,38981.55694386978,30630346240,49144659968,450m_block/train.jsonl,197500,72aa5d2428d89be48173b89b46698abaf9144bf19530960cb880cbb29d638609
198000,8461070943,2.7489277239852803,4.609632503422552e-05,1.0792005062103271,1.014391826465726,40584.90903208299,30630346240,49144659968,450m_block/train.jsonl,198000,72aa5d2428d89be48173b89b46698abaf9144bf19530960cb880cbb29d638609
198500,8482393364,2.6874423304734174,4.56612358995001e-05,1.0414270162582397,1.0471783736720681,44437.5105234674,30630346240,49144659968,450m_block/train.jsonl,198500,72aa5d2428d89be48173b89b46698abaf9144bf19530960cb880cbb29d638609
199000,8503898951,2.7688939279402134,4.523174560210886e-05,1.2683876752853394,1.0483278054744005,42232.973091813255,30630294528,49088036864,450m_block/train.jsonl,199000,72aa5d2428d89be48173b89b46698abaf9144bf19530960cb880cbb29d638609
199500,8525221415,2.7752255708059024,4.480787429180218e-05,1.160586953163147,1.0211140755563974,39122.95497271653,30630294528,49144659968,450m_block/train.jsonl,199500,72aa5d2428d89be48173b89b46698abaf9144bf19530960cb880cbb29d638609
200000,8546593527,2.769804591800464,4.438964185471298e-05,1.1802914142608643,1.0338742192834616,44218.14486455035,30630294528,49144659968,450m_block/train.jsonl,200000,72aa5d2428d89be48173b89b46698abaf9144bf19530960cb880cbb29d638609
200500,8567971765,2.8538732145369035,4.397706791242349e-05,1.1655925512313843,1.035788418725133,39464.6235283381,30630294528,49144659968,450m_block/train.jsonl,200500,72aa5d2428d89be48173b89b46698abaf9144bf19530960cb880cbb29d638609
201000,8589432819,2.8136493082641216,4.357017182104499e-05,1.1152398586273193,1.0482717398554087,41578.913503870615,30630294528,49144659968,450m_block/train.jsonl,201000,72aa5d2428d89be48173b89b46698abaf9144bf19530960cb880cbb29d638609
201500,8610804188,2.7494210885618315,4.316897267030947e-05,1.1572721004486084,1.023295460268855,38113.136932859146,30630294528,49144659968,450m_block/train.jsonl,201500,72aa5d2428d89be48173b89b46698abaf9144bf19530960cb880cbb29d638609
202000,8632132633,2.6982550745924976,4.277348928267424e-05,1.1739306449890137,1.024178745225072,43727.718631925054,30630294528,49144659968,450m_block/train.jsonl,202000,72aa5d2428d89be48173b89b46698abaf9144bf19530960cb880cbb29d638609
202500,8653565251,2.6949991521121626,4.238374021243857e-05,1.1008492708206177,1.0178279355168343,42457.077952037864,30630294528,49144659968,450m_block/train.jsonl,202500,72aa5d2428d89be48173b89b46698abaf9144bf19530960cb880cbb29d638609
203000,8674962535,2.7720836167409035,4.1999743744873565e-05,1.139205813407898,1.019543383270502,41728.4842392159,30630320640,49144659968,450m_block/train.jsonl,203000,72aa5d2428d89be48173b89b46698abaf9144bf19530960cb880cbb29d638609
203500,8696319036,2.6698446993056506,4.162151789536399e-05,1.0704805850982666,1.1029275506734848,39696.17040871382,30630320640,49144659968,450m_block/train.jsonl,203500,72aa5d2428d89be48173b89b46698abaf9144bf19530960cb880cbb29d638609
204000,8717658807,2.7556574061432997,4.12490804085633e-05,1.1031482219696045,1.0168403182178736,46372.07942604096,30630320640,49144659968,450m_block/train.jsonl,204000,72aa5d2428d89be48173b89b46698abaf9144bf19530960cb880cbb29d638609
204500,8739051382,2.7886914159557725,4.088244875756094e-05,1.0853787660598755,1.0105118565261364,41819.40046233094,30630320640,49144659968,450m_block/train.jsonl,204500,72aa5d2428d89be48173b89b46698abaf9144bf19530960cb880cbb29d638609
205000,8760437766,2.6300784846828127,4.052164014306279e-05,1.2251393795013428,1.07461554184556,38403.50189717527,30630320640,49144659968,450m_block/train.jsonl,205000,72aa5d2428d89be48173b89b46698abaf9144bf19530960cb880cbb29d638609
205500,8781789284,2.808681599856354,4.016667149258398e-05,1.1095198392868042,1.0316347051411867,43187.76770300924,30630320640,49144659968,450m_block/train.jsonl,205500,72aa5d2428d89be48173b89b46698abaf9144bf19530960cb880cbb29d638609
206000,8803160251,2.650266918773931,3.981755945965495e-05,1.1276545524597168,1.0193080939352512,43044.885310983416,30630320640,49144659968,450m_block/train.jsonl,206000,72aa5d2428d89be48173b89b46698abaf9144bf19530960cb880cbb29d638609
206500,8824491609,2.7099962514057228,3.9474320423039896e-05,1.151442289352417,1.101399652659893,36331.04468787811,30630320640,49144659968,450m_block/train.jsonl,206500,72aa5d2428d89be48173b89b46698abaf9144bf19530960cb880cbb29d638609
207000,8845877758,2.7380635292254794,3.913697048596858e-05,1.2794431447982788,1.010030498728156,38297.85342988047,30630320640,49144659968,450m_block/train.jsonl,207000,72aa5d2428d89be48173b89b46698abaf9144bf19530960cb880cbb29d638609
207500,8867245305,2.7191653868986165,3.880552547538063e-05,1.2098536491394043,0.995481451973319,34054.878604517304,30630320640,49144659968,450m_block/train.jsonl,207500,72aa5d2428d89be48173b89b46698abaf9144bf19530960cb880cbb29d638609
208000,8888617434,2.6692327314305992,3.8480000941183286e-05,1.1012580394744873,1.022729067131877,42703.391742329746,30630320640,49144659968,450m_block/train.jsonl,208000,72aa5d2428d89be48173b89b46698abaf9144bf19530960cb880cbb29d638609
208500,8909973210,2.7100806055456226,3.8160412155521505e-05,1.150362491607666,1.0465662516653538,39814.01075535886,30630320640,49144659968,450m_block/train.jsonl,208500,72aa5d2428d89be48173b89b46698abaf9144bf19530960cb880cbb29d638609
209000,8931340497,2.8356978548563396,3.784677411206181e-05,1.1628854274749756,1.0037345625460148,39876.08028408916,30630320640,49144659968,450m_block/train.jsonl,209000,72aa5d2428d89be48173b89b46698abaf9144bf19530960cb880cbb29d638609
209500,8952613851,2.7407770306066843,3.7539101525288584e-05,1.1310787200927734,1.0212423857301474,40431.146001132045,30630320640,49144659968,450m_block/train.jsonl,209500,72aa5d2428d89be48173b89b46698abaf9144bf19530960cb880cbb29d638609
210000,8973994174,2.6795049174691536,3.723740882981395e-05,1.1945350170135498,1.0992952529340982,38116.23846110789,30630320640,49144659968,450m_block/train.jsonl,210000,72aa5d2428d89be48173b89b46698abaf9144bf19530960cb880cbb29d638609
210500,8995360687,2.785921704971717,3.69417101797004e-05,1.1819367408752441,1.0269863810390234,40624.68672446269,30630320640,49144659968,450m_block/train.jsonl,210500,72aa5d2428d89be48173b89b46698abaf9144bf19530960cb880cbb29d638609
211000,9016717697,2.714960034780323,3.665201944779682e-05,1.1073179244995117,1.0638177394866943,41571.03078703937,30630320640,49144659968,450m_block/train.jsonl,211000,72aa5d2428d89be48173b89b46698abaf9144bf19530960cb880cbb29d638609
211500,9038055532,2.7592826746177614,3.636835022508765e-05,1.2942476272583008,1.0048201624304056,40746.59479460409,30630320640,49144659968,450m_block/train.jsonl,211500,72aa5d2428d89be48173b89b46698abaf9144bf19530960cb880cbb29d638609
212000,9059461347,2.6934018539091262,3.609071582005524e-05,1.1614712476730347,1.0645037405192852,38527.8120112505,30630320640,49144659968,450m_block/train.jsonl,212000,72aa5d2428d89be48173b89b46698abaf9144bf19530960cb880cbb29d638609
212500,9080848841,2.6911787255792823,3.581912925805544e-05,1.1750420331954956,1.0235766284167767,43006.06205525443,30630320640,49144659968,450m_block/train.jsonl,212500,72aa5d2428d89be48173b89b46698abaf9144bf19530960cb880cbb29d638609
213000,9102226659,2.7956176909679025,3.55536032807066e-05,1.168683409690857,1.020295450463891,39390.55102296798,30630320640,49144659968,450m_block/train.jsonl,213000,72aa5d2428d89be48173b89b46698abaf9144bf19530960cb880cbb29d638609
213500,9123611610,2.7922270907929847,3.529415034529168e-05,1.1172075271606445,1.021712876856327,42915.18781177674,30630320640,49144659968,450m_block/train.jsonl,213500,72aa5d2428d89be48173b89b46698abaf9144bf19530960cb880cbb29d638609
214000,9144988719,2.729390266691354,3.5040782624173926e-05,1.0851025581359863,1.0257513541728258,44425.971084140576,30630320640,49144659968,450m_block/train.jsonl,214000,72aa5d2428d89be48173b89b46698abaf9144bf19530960cb880cbb29d638609
214500,9166400359,2.665008208812652,3.4793512004225635e-05,1.1029958724975586,1.0145989712327719,42239.3489596471,30630336000,49144659968,450m_block/train.jsonl,214500,72aa5d2428d89be48173b89b46698abaf9144bf19530960cb880cbb29d638609
215000,9187749506,2.729174007022231,3.4552350086270686e-05,1.1476492881774902,1.0082738231867552,40464.206311585556,30630336000,49144659968,450m_block/train.jsonl,215000,72aa5d2428d89be48173b89b46698abaf9144bf19530960cb880cbb29d638609
215500,9209106130,2.7433248836531203,3.431730818454009e-05,1.1146116256713867,1.012167675420642,43201.34011573498,30630336000,49144659968,450m_block/train.jsonl,215500,72aa5d2428d89be48173b89b46698abaf9144bf19530960cb880cbb29d638609
216000,9230493953,2.6495913931887647,3.408839732614134e-05,1.105908751487732,1.0650857891887426,40546.96855254639,30630336000,49144659968,450m_block/train.jsonl,216000,72aa5d2428d89be48173b89b46698abaf9144bf19530960cb880cbb29d638609
216500,9251694543,2.8324853914187114,3.3865628250540894e-05,1.2116732597351074,1.0770115107297897,37196.44553553046,30630336000,49144659968,450m_block/train.jsonl,216500,72aa5d2428d89be48173b89b46698abaf9144bf19530960cb880cbb29d638609
217000,9273065354,2.6846205772092797,3.364901140906052e-05,1.1274672746658325,1.0184048190712929,45690.08230188139,30630336000,49144659968,450m_block/train.jsonl,217000,72aa5d2428d89be48173b89b46698abaf9144bf19530960cb880cbb29d638609
217500,9294437215,2.690774120541061,3.343855696438678e-05,1.1539844274520874,1.0172641463577747,41860.31735460716,30630336000,49144659968,450m_block/train.jsonl,217500,72aa5d2428d89be48173b89b46698abaf9144bf19530960cb880cbb29d638609
218000,9315746922,2.6553824418404766,3.3234274790094414e-05,1.1091055870056152,1.0118396878242493,43119.47883149082,30630336000,49144659968,450m_block/train.jsonl,218000,72aa5d2428d89be48173b89b46698abaf9144bf19530960cb880cbb29d638609
218500,9337168165,2.721930745999184,3.303617447018296e-05,1.1586346626281738,1.019127769395709,40896.73665227818,30630336000,49144659968,450m_block/train.jsonl,218500,72aa5d2428d89be48173b89b46698abaf9144bf19530960cb880cbb29d638609
219000,9358433497,2.6446620749262233,3.284426529862726e-05,1.1377832889556885,1.0138407107442617,43116.240585673695,30630336000,49144659968,450m_block/train.jsonl,219000,72aa5d2428d89be48173b89b46698abaf9144bf19530960cb880cbb29d638609
219500,9379908519,2.751244318417897,3.2658556278941284e-05,1.1569167375564575,1.0155408680438995,41473.46633240498,30630336000,49144659968,450m_block/train.jsonl,219500,72aa5d2428d89be48173b89b46698abaf9144bf19530960cb880cbb29d638609
220000,9401252986,2.812205302350372,3.247905612375587e-05,1.2411518096923828,1.00837267562747,38258.67254484443,30630336000,49144659968,450m_block/train.jsonl,220000,72aa5d2428d89be48173b89b46698abaf9144bf19530960cb880cbb29d638609
220500,9422685377,2.676872420943348,3.230577325440985e-05,1.3456279039382935,0.9946470409631729,33470.16441909126,30630336000,49144659968,450m_block/train.jsonl,220500,72aa5d2428d89be48173b89b46698abaf9144bf19530960cb880cbb29d638609
221000,9444077545,2.713990143906793,3.2138715800555035e-05,1.1413685083389282,1.1161624919623137,37891.43633168063,30630336000,49144659968,450m_block/train.jsonl,221000,72aa5d2428d89be48173b89b46698abaf9144bf19530960cb880cbb29d638609
221500,9465442392,2.710289607066725,3.1977891599774746e-05,1.1134899854660034,1.0279122292995453,42442.33968276546,30630336000,49144659968,450m_block/train.jsonl,221500,72aa5d2428d89be48173b89b46698abaf9144bf19530960cb880cbb29d638609
222000,9486804861,2.8211597761793707,3.1823308197216205e-05,1.2327442169189453,1.0062419027090073,41121.324692006994,30630336000,49144659968,450m_block/train.jsonl,222000,72aa5d2428d89be48173b89b46698abaf9144bf19530960cb880cbb29d638609
222500,9508210140,2.5786712040980273,3.167497284523641e-05,1.3003281354904175,1.005621811375022,35433.79787206261,30630336000,49144659968,450m_block/train.jsonl,222500,72aa5d2428d89be48173b89b46698abaf9144bf19530960cb880cbb29d638609
223000,9529550349,2.6855522786518877,3.153289250306203e-05,1.1673563718795776,1.01707942225039,42289.71608218328,30630336000,49144659968,450m_block/train.jsonl,223000,72aa5d2428d89be48173b89b46698abaf9144bf19530960cb880cbb29d638609
223500,9550888790,2.8663897732978945,3.139707383646279e-05,1.2030723094940186,1.0174273941665888,42572.07958851948,30630336000,49144659968,450m_block/train.jsonl,223500,72aa5d2428d89be48173b89b46698abaf9144bf19530960cb880cbb29d638609
224000,9572305392,2.6839092534714504,3.1267523217438854e-05,1.0947147607803345,1.0138763170689344,44358.467835620795,30630336000,49144659968,450m_block/train.jsonl,224000,72aa5d2428d89be48173b89b46698abaf9144bf19530960cb880cbb29d638609
224500,9593627882,2.7032960917406323,3.114424672392176e-05,1.2002458572387695,1.0198353752493858,38886.66834125284,30630336000,49144659968,450m_block/train.jsonl,224500,72aa5d2428d89be48173b89b46698abaf9144bf19530960cb880cbb29d638609
225000,9615024594,2.7201316036473795,3.102725013948943e-05,1.1882790327072144,1.0252249203622341,42379.9686654598,30630336000,49144659968,450m_block/train.jsonl,225000,72aa5d2428d89be48173b89b46698abaf9144bf19530960cb880cbb29d638609
225500,9636352480,2.708076278935045,3.091653895309463e-05,1.230882167816162,1.0098745673894882,40916.96269449998,30630336000,49144659968,450m_block/train.jsonl,225500,72aa5d2428d89be48173b89b46698abaf9144bf19530960cb880cbb29d638609
226000,9657685660,2.6299433627037376,3.0812118358807634e-05,1.1528905630111694,1.0293706879019737,40470.35775315098,30630336000,49144659968,450m_block/train.jsonl,226000,72aa5d2428d89be48173b89b46698abaf9144bf19530960cb880cbb29d638609
226500,9679028988,2.7257458437416546,3.0713993255572404e-05,1.1338045597076416,1.043358527123928,43068.608567247175,30630336000,49144659968,450m_block/train.jsonl,226500,72aa5d2428d89be48173b89b46698abaf9144bf19530960cb880cbb29d638609
227000,9700446526,2.7242947946175637,3.062216824697688e-05,1.1661946773529053,1.0728908367455006,41127.20370867223,30630336000,49144659968,450m_block/train.jsonl,227000,72aa5d2428d89be48173b89b46698abaf9144bf19530960cb880cbb29d638609
227500,9721881132,2.6435503112501806,3.053664764103688e-05,1.2848665714263916,1.0246343798935413,40508.10788167428,30630336000,49144659968,450m_block/train.jsonl,227500,72aa5d2428d89be48173b89b46698abaf9144bf19530960cb880cbb29d638609
228000,9743208734,2.7449196165319143,3.0457435449994086e-05,1.127164363861084,1.0050531812012196,43194.72920638254,30630336000,49144659968,450m_block/train.jsonl,228000,72aa5d2428d89be48173b89b46698abaf9144bf19530960cb880cbb29d638609
228500,9764582881,2.8069878039762113,3.0384535390127732e-05,1.2329542636871338,1.0175492092967033,39452.63740880592,30630336000,49144659968,450m_block/train.jsonl,228500,72aa5d2428d89be48173b89b46698abaf9144bf19530960cb880cbb29d638609
229000,9785893469,2.772115324382452,3.0317950881580318e-05,1.1060811281204224,1.0224599223583937,46838.99970331864,30630346240,49144659968,450m_block/train.jsonl,229000,72aa5d2428d89be48173b89b46698abaf9144bf19530960cb880cbb29d638609
229500,9807290701,2.749933846232066,3.0257685048197095e-05,1.1745525598526,1.0059103686362505,40327.64872977382,30630346240,49144659968,450m_block/train.jsonl,229500,72aa5d2428d89be48173b89b46698abaf9144bf19530960cb880cbb29d638609
230000,9828712107,2.6536928500710806,3.020374071737952e-05,1.2991231679916382,1.0127234924584627,36466.02480836071,30630346240,49144659968,450m_block/train.jsonl,230000,72aa5d2428d89be48173b89b46698abaf9144bf19530960cb880cbb29d638609
230500,9850038311,2.6469149467857433,3.0156120419952666e-05,1.253780484199524,1.018197275698185,36139.36206494762,30630346240,49144659968,450m_block/train.jsonl,230500,72aa5d2428d89be48173b89b46698abaf9144bf19530960cb880cbb29d638609
231000,9871360857,2.7105648676720753,3.0114826390046413e-05,1.15001380443573,1.022794121876359,41094.29170642119,30630346240,49144659968,450m_block/train.jsonl,231000,72aa5d2428d89be48173b89b46698abaf9144bf19530960cb880cbb29d638609
231500,9892708860,2.655610604707208,3.007986056499065e-05,1.277624487876892,1.0479250364005566,39794.831263159096,30630346240,49144659968,450m_block/train.jsonl,231500,72aa5d2428d89be48173b89b46698abaf9144bf19530960cb880cbb29d638609
232000,9914108236,2.76952871602729,3.0051224585224418e-05,1.1484464406967163,1.051264999434352,42524.9580496394,30630346240,49144659968,450m_block/train.jsonl,232000,72aa5d2428d89be48173b89b46698abaf9144bf19530960cb880cbb29d638609
232500,9935507029,2.637556523837182,3.0028919794218927e-05,1.1707985401153564,1.078549612313509,39508.61371003274,30630346240,49144659968,450m_block/train.jsonl,232500,72aa5d2428d89be48173b89b46698abaf9144bf19530960cb880cbb29d638609
233000,9956875805,2.6728299532344044,3.0012947238414483e-05,1.2003000974655151,1.00843058899045,40646.32751871847,30630346240,49144659968,450m_block/train.jsonl,233000,72aa5d2428d89be48173b89b46698abaf9144bf19530960cb880cbb29d638609
233500,9978083493,2.7864612430167597,3.0003307667171515e-05,1.2641431093215942,1.0073622353374958,41757.57093564957,30630346240,49144659968,450m_block/train.jsonl,233500,72aa5d2428d89be48173b89b46698abaf9144bf19530960cb880cbb29d638609
234000,9999555456,2.6062853491117703,3.0000001532735243e-05,1.1492270231246948,1.014196738600731,43376.19943512634,30630346240,49144659968,450m_block/train.jsonl,234000,72aa5d2428d89be48173b89b46698abaf9144bf19530960cb880cbb29d638609
234011,10000000000,2.70756902610788,2.9999999999999997e-05,1.363135814666748,1.028195597231388,33049.159217857276,30630346240,49144659968,450m_block/train.jsonl,234011,72aa5d2428d89be48173b89b46698abaf9144bf19530960cb880cbb29d638609
